﻿Cod_ibge;   Município;Cod_RA;Região Administrativa;Região Metropolitana;População 2020;Porte de população 2020;num_enfermeiros_sus;num_enfermeiros_naosus;num_enfermeiros_totais;enf_por_hab;num_medicos_sus;num_medicos_naosus;num_medicos_totais;med_por_hab;leitos_total;leitos_hab
3500105;Adamantina;691;RA de Presidente Prudente;Demais municípios;33894;Mais de 20 mil até 50 mil;88;3;91;2,62;144;22;166;4,78;221;6,5
3500204;Adolfo;689;RA de São José do Rio Preto;Demais municípios;3447;Até 5 mil;7;0;7;1,59;10;0;10;2,27;0;0
3500303;Aguaí;686;RA de Campinas;Demais municípios;35608;Mais de 20 mil até 50 mil;36;0;36;1,12;48;22;70;2,19;24;0,7
3500402;Águas da Prata;686;RA de Campinas;Demais municípios;7797;Mais de 5 mil até 10 mil;10;1;11;1,5;23;2;25;3,4;0;0
3500501;Águas de Lindóia;686;RA de Campinas;Demais municípios;18374;Mais de 10 mil até 20 mil;22;1;23;1,28;43;10;53;2,95;42;2,3
3500550;Águas de Santa Bárbara;685;RA de Sorocaba;Demais municípios;5931;Mais de 5 mil até 10 mil;13;0;13;1,79;16;0;16;2,2;0;0
3500600;Águas de São Pedro;686;RA de Campinas;Demais municípios;3122;Até 5 mil;8;0;8;2,88;18;0;18;6,49;0;0
3500709;Agudos;688;RA de Bauru;Demais municípios;36134;Mais de 20 mil até 50 mil;50;0;50;1,32;95;7;102;2,7;54;1,5
3500758;Alambari;685;RA de Sorocaba;RM  de Sorocaba;5779;Mais de 5 mil até 10 mil;10;0;10;1,61;10;1;11;1,77;0;0
3500808;Alfredo Marcondes;691;RA de Presidente Prudente;Demais municípios;3927;Até 5 mil;4;0;4;0,89;11;0;11;2,46;0;0
3500907;Altair;694;RA de Barretos;Demais municípios;4036;Até 5 mil;7;0;7;2,05;10;0;10;2,93;0;0
3501004;Altinópolis;687;RA de Ribeirão Preto;RM  de Ribeirão Preto;15553;Mais de 10 mil até 20 mil;25;0;25;1,48;29;6;35;2,07;31;2
3501103;Alto Alegre;690;RA de Araçatuba;Demais municípios;4017;Até 5 mil;10;0;10;2,63;9;0;9;2,37;22;5,5
3501152;Alumínio;685;RA de Sorocaba;RM  de Sorocaba;17972;Mais de 10 mil até 20 mil;19;4;23;1,33;22;9;31;1,79;120;6,6
3501202;Álvares Florence;689;RA de São José do Rio Preto;Demais municípios;3621;Até 5 mil;6;0;6;1,53;9;0;9;2,3;0;0
3501301;Álvares Machado;691;RA de Presidente Prudente;Demais municípios;23789;Mais de 20 mil até 50 mil;26;0;26;0,95;63;3;66;2,4;20;0,8
3501400;Álvaro de Carvalho;692;RA de Marília;Demais municípios;5044;Mais de 5 mil até 10 mil;10;0;10;2,08;6;0;6;1,25;0;0
3501509;Alvinlândia;692;RA de Marília;Demais municípios;3176;Até 5 mil;3;0;3;1,05;2;0;2;0,7;0;0
3501608;Americana;686;RA de Campinas;RM  de Campinas;233458;Mais de 200 mil até 500 mil;246;143;389;1,63;583;369;952;3,99;486;2,1
3501707;Américo Brasiliense;693;RA Central;Demais municípios;40243;Mais de 20 mil até 50 mil;124;4;128;3,91;211;4;215;6,56;261;6,3
3501806;Américo de Campos;689;RA de São José do Rio Preto;Demais municípios;5736;Mais de 5 mil até 10 mil;12;0;12;2,04;20;0;20;3,4;0;0
3501905;Amparo;686;RA de Campinas;Demais municípios;69639;Mais de 50 mil até 100 mil;114;27;141;2,07;186;111;297;4,37;374;5,3
3502002;Analândia;686;RA de Campinas;Demais municípios;4850;Até 5 mil;9;0;9;1,95;35;0;35;7,59;0;0
3502101;Andradina;690;RA de Araçatuba;Demais municípios;56054;Mais de 50 mil até 100 mil;103;9;112;1,87;190;57;247;4,12;118;2,1
3502200;Angatuba;696;RA de Itapeva;Demais municípios;24501;Mais de 20 mil até 50 mil;26;3;29;1,2;26;7;33;1,37;57;2,3
3502309;Anhembi;685;RA de Sorocaba;Demais municípios;6672;Mais de 5 mil até 10 mil;12;0;12;2,12;26;0;26;4,59;0;0
3502408;Anhumas;691;RA de Presidente Prudente;Demais municípios;3963;Até 5 mil;4;0;4;0,99;3;0;3;0,74;0;0
3502507;Aparecida;684;RA de São José dos Campos;RM  do Vale do Paraíba e Litoral Norte;35709;Mais de 20 mil até 50 mil;62;0;62;1,92;68;8;76;2,35;92;2,6
3502606;Aparecida d'Oeste;689;RA de São José do Rio Preto;Demais municípios;4132;Até 5 mil;7;0;7;1,73;9;0;9;2,23;14;3,4
3502705;Apiaí;696;RA de Itapeva;Demais municípios;24666;Mais de 20 mil até 50 mil;39;0;39;1,59;34;4;38;1,55;55;2,2
3502754;Araçariguama;685;RA de Sorocaba;RM  de Sorocaba;20980;Mais de 20 mil até 50 mil;32;1;33;1,51;25;2;27;1,24;0;0
3502804;Araçatuba;690;RA de Araçatuba;Demais municípios;190469;Mais de 100 mil até 200 mil;396;35;431;2,14;435;277;712;3,54;417;2,2
3502903;Araçoiaba da Serra;685;RA de Sorocaba;RM  de Sorocaba;32390;Mais de 20 mil até 50 mil;31;7;38;1,16;42;22;64;1,95;330;9,9
3503000;Aramina;695;RA de Franca;Demais municípios;5496;Mais de 5 mil até 10 mil;9;0;9;1,65;11;0;11;2,02;0;0
3503109;Arandu;696;RA de Itapeva;Demais municípios;6165;Mais de 5 mil até 10 mil;14;0;14;2,02;22;0;22;3,17;6;1
3503158;Arapeí;684;RA de São José dos Campos;RM  do Vale do Paraíba e Litoral Norte;2471;Até 5 mil;7;0;7;3,04;9;0;9;3,9;0;0
3503208;Araraquara;693;RA Central;Demais municípios;227618;Mais de 200 mil até 500 mil;385;146;531;2,17;686;321;1007;4,12;536;2,3
3503307;Araras;686;RA de Campinas;Demais municípios;131057;Mais de 100 mil até 200 mil;164;53;217;1,65;361;122;483;3,67;448;3,4
3503356;Arco Íris;692;RA de Marília;Demais municípios;1816;Até 5 mil;2;0;2;0,97;0;0;0;0;0;0
3503406;Arealva;688;RA de Bauru;Demais municípios;8196;Mais de 5 mil até 10 mil;12;1;13;1,6;19;3;22;2,7;32;3,9
3503505;Areias;684;RA de São José dos Campos;RM  do Vale do Paraíba e Litoral Norte;3843;Até 5 mil;7;0;7;1,97;11;0;11;3,09;0;0
3503604;Areiópolis;685;RA de Sorocaba;Demais municípios;10857;Mais de 10 mil até 20 mil;9;0;9;0,89;23;0;23;2,28;0;0
3503703;Ariranha;689;RA de São José do Rio Preto;Demais municípios;9320;Mais de 5 mil até 10 mil;13;2;15;2;9;1;10;1,33;0;0
3503802;Artur Nogueira;686;RA de Campinas;RM  de Campinas;52609;Mais de 50 mil até 100 mil;35;2;37;0,71;42;40;82;1,58;8;0,1
3503901;Arujá;681;RM  de São Paulo;RM  de São Paulo;89744;Mais de 50 mil até 100 mil;85;15;100;1,14;182;87;269;3,08;39;0,4
3503950;Aspásia;689;RA de São José do Rio Preto;Demais municípios;1765;Até 5 mil;4;0;4;2,18;1;0;1;0,54;0;0
3504008;Assis;692;RA de Marília;Demais municípios;101381;Mais de 100 mil até 200 mil;207;39;246;2,42;250;196;446;4,39;277;2,7
3504107;Atibaia;686;RA de Campinas;Demais municípios;139606;Mais de 100 mil até 200 mil;144;183;327;2,03;395;509;904;5,62;192;1,4
3504206;Auriflama;690;RA de Araçatuba;Demais municípios;14471;Mais de 10 mil até 20 mil;25;1;26;1,91;26;0;26;1,91;44;3
3504305;Avaí;688;RA de Bauru;Demais municípios;5288;Mais de 5 mil até 10 mil;7;0;7;1,58;8;0;8;1,8;0;0
3504404;Avanhandava;690;RA de Araçatuba;Demais municípios;12114;Mais de 10 mil até 20 mil;9;0;9;0,8;18;0;18;1,6;0;0
3504503;Avaré;685;RA de Sorocaba;Demais municípios;87538;Mais de 50 mil até 100 mil;116;0;116;1,24;250;31;281;3,01;172;2
3504602;Bady Bassitt;689;RA de São José do Rio Preto;Demais municípios;16329;Mais de 10 mil até 20 mil;28;0;28;0,99;69;4;73;2,58;0;0
3504701;Balbinos;688;RA de Bauru;Demais municípios;3704;Até 5 mil;6;0;6;1,54;4;0;4;1,02;0;0
3504800;Bálsamo;689;RA de São José do Rio Preto;Demais municípios;8524;Mais de 5 mil até 10 mil;13;0;13;1,34;13;0;13;1,34;0;0
3504909;Bananal;684;RA de São José dos Campos;RM  do Vale do Paraíba e Litoral Norte;10651;Mais de 10 mil até 20 mil;16;0;16;1,61;30;1;31;3,12;15;1,4
3505005;Barão de Antonina;696;RA de Itapeva;Demais municípios;3383;Até 5 mil;2;0;2;0,56;3;0;3;0,84;0;0
3505104;Barbosa;690;RA de Araçatuba;Demais municípios;7284;Mais de 5 mil até 10 mil;6;0;6;1,08;11;0;11;1,98;0;0
3505203;Bariri;688;RA de Bauru;Demais municípios;33993;Mais de 20 mil até 50 mil;31;1;32;1,01;68;9;77;2,44;58;1,7
3505302;Barra Bonita;688;RA de Bauru;Demais municípios;34914;Mais de 20 mil até 50 mil;25;4;29;0,85;78;16;94;2,75;91;2,6
3505351;Barra do Chapéu;696;RA de Itapeva;Demais municípios;5530;Mais de 5 mil até 10 mil;7;0;7;1,36;5;0;5;0,97;0;0
3505401;Barra do Turvo;682;RA de Registro;Demais municípios;7687;Mais de 5 mil até 10 mil;12;0;12;1,77;12;0;12;1,77;0;0
3505500;Barretos;694;RA de Barretos;Demais municípios;118048;Mais de 100 mil até 200 mil;553;16;569;4,62;941;109;1050;8,53;486;4,1
3505609;Barrinha;687;RA de Ribeirão Preto;RM  de Ribeirão Preto;32338;Mais de 20 mil até 50 mil;27;3;30;0,93;75;28;103;3,19;0;0
3505708;Barueri;681;RM  de São Paulo;RM  de São Paulo;264390;Mais de 200 mil até 500 mil;643;114;757;2,35;1528;402;1930;6;510;1,9
3505807;Bastos;692;RA de Marília;Demais municípios;20301;Mais de 20 mil até 50 mil;36;1;37;1,72;66;4;70;3,25;30;1,5
3505906;Batatais;695;RA de Franca;RM  de Ribeirão Preto;60222;Mais de 50 mil até 100 mil;72;3;75;1,28;132;32;164;2,81;133;2,2
3506003;Bauru;688;RA de Bauru;Demais municípios;364225;Mais de 200 mil até 500 mil;867;224;1091;2,86;857;433;1290;3,38;1377;3,8
3506102;Bebedouro;694;RA de Barretos;Demais municípios;74155;Mais de 50 mil até 100 mil;154;21;175;2,29;216;99;315;4,13;141;1,9
3506201;Bento de Abreu;690;RA de Araçatuba;Demais municípios;2945;Até 5 mil;3;0;3;1,15;4;0;4;1,54;0;0
3506300;Bernardino de Campos;692;RA de Marília;Demais municípios;10787;Mais de 10 mil até 20 mil;17;0;17;1,46;31;0;31;2,66;28;2,6
3506359;Bertioga;683;RA de Santos;RM  da Baixada Santista;63290;Mais de 50 mil até 100 mil;60;3;63;0,96;96;17;113;1,73;49;0,7
3506409;Bilac;690;RA de Araçatuba;Demais municípios;7816;Mais de 5 mil até 10 mil;8;0;8;1,09;15;1;16;2,19;36;4,6
3506508;Birigui;690;RA de Araçatuba;Demais municípios;121329;Mais de 100 mil até 200 mil;161;7;168;1,41;206;92;298;2,49;147;1,2
3506607;Biritiba Mirim;681;RM  de São Paulo;RM  de São Paulo;32338;Mais de 20 mil até 50 mil;19;0;19;0,64;68;2;70;2,36;4;0,1
3506706;Boa Esperança do Sul;693;RA Central;Demais municípios;14582;Mais de 10 mil até 20 mil;12;0;12;0,93;10;1;11;0,85;16;1,1
3506805;Bocaina;688;RA de Bauru;Demais municípios;12135;Mais de 10 mil até 20 mil;10;0;10;0,89;6;0;6;0,53;18;1,5
3506904;Bofete;685;RA de Sorocaba;Demais municípios;11076;Mais de 10 mil até 20 mil;18;1;19;1,81;19;0;19;1,81;0;0
3507001;Boituva;685;RA de Sorocaba;RM  de Sorocaba;57292;Mais de 50 mil até 100 mil;68;5;73;1,18;108;55;163;2,63;54;0,9
3507100;Bom Jesus dos Perdões;686;RA de Campinas;Demais municípios;24291;Mais de 20 mil até 50 mil;13;0;13;0,59;25;2;27;1,22;11;0,4
3507159;Bom Sucesso de Itararé;696;RA de Itapeva;Demais municípios;3861;Até 5 mil;3;0;3;0,85;1;0;1;0,28;0;0
3507209;Borá;692;RA de Marília;Demais municípios;812;Até 5 mil;4;0;4;4,43;1;0;1;1,11;0;0
3507308;Boracéia;688;RA de Bauru;Demais municípios;4759;Até 5 mil;4;0;4;0,84;12;1;13;2,72;0;0
3507407;Borborema;693;RA Central;Demais municípios;15323;Mais de 10 mil até 20 mil;18;0;18;1,27;21;2;23;1,62;26;1,7
3507456;Borebi;688;RA de Bauru;Demais municípios;2579;Até 5 mil;9;0;9;3,28;11;0;11;4,01;0;0
3507506;Botucatu;685;RA de Sorocaba;Demais municípios;141135;Mais de 100 mil até 200 mil;588;153;741;5,07;1183;197;1380;9,44;858;6
3507605;Bragança Paulista;686;RA de Campinas;Demais municípios;163980;Mais de 100 mil até 200 mil;329;20;349;1,95;731;106;837;4,68;364;2,2
3507704;Braúna;690;RA de Araçatuba;Demais municípios;5552;Mais de 5 mil até 10 mil;7;0;7;1,31;2;0;2;0,37;0;0
3507753;Brejo Alegre;690;RA de Araçatuba;Demais municípios;2768;Até 5 mil;3;0;3;1,17;3;0;3;1,17;0;0
3507803;Brodowski;687;RA de Ribeirão Preto;RM  de Ribeirão Preto;23943;Mais de 20 mil até 50 mil;28;0;28;1,1;37;1;38;1,49;0;0
3507902;Brotas;686;RA de Campinas;Demais municípios;23850;Mais de 20 mil até 50 mil;26;2;28;1,17;29;8;37;1,54;41;1,7
3508009;Buri;696;RA de Itapeva;Demais municípios;19678;Mais de 10 mil até 20 mil;17;0;17;0,84;23;1;24;1,18;0;0
3508108;Buritama;690;RA de Araçatuba;Demais municípios;16596;Mais de 10 mil até 20 mil;26;0;26;1,5;37;4;41;2,37;40;2,4
3508207;Buritizal;695;RA de Franca;Demais municípios;4307;Até 5 mil;4;0;4;0,92;16;0;16;3,67;0;0
3508306;Cabrália Paulista;688;RA de Bauru;Demais municípios;4308;Até 5 mil;6;0;6;1,4;2;0;2;0,47;0;0
3508405;Cabreúva;686;RA de Campinas;Demais municípios;49430;Mais de 20 mil até 50 mil;58;4;62;1,31;106;25;131;2,76;65;1,3
3508504;Caçapava;684;RA de São José dos Campos;RM  do Vale do Paraíba e Litoral Norte;91217;Mais de 50 mil até 100 mil;115;24;139;1,44;408;138;546;5,64;199;2,2
3508603;Cachoeira Paulista;684;RA de São José dos Campos;RM  do Vale do Paraíba e Litoral Norte;32231;Mais de 20 mil até 50 mil;39;2;41;1,3;44;13;57;1,8;32;1
3508702;Caconde;686;RA de Campinas;Demais municípios;18854;Mais de 10 mil até 20 mil;16;0;16;0,94;17;4;21;1,24;62;3,3
3508801;Cafelândia;688;RA de Bauru;Demais municípios;17244;Mais de 10 mil até 20 mil;24;0;24;1,44;15;8;23;1,38;48;2,8
3508900;Caiabu;691;RA de Presidente Prudente;Demais municípios;4103;Até 5 mil;3;0;3;0,82;6;0;6;1,63;0;0
3509007;Caieiras;681;RM  de São Paulo;RM  de São Paulo;100612;Mais de 100 mil até 200 mil;154;60;214;2,24;301;162;463;4,85;133;1,3
3509106;Caiuá;691;RA de Presidente Prudente;Demais municípios;5600;Mais de 5 mil até 10 mil;9;0;9;1,64;2;0;2;0,36;0;0
3509205;Cajamar;681;RM  de São Paulo;RM  de São Paulo;77627;Mais de 50 mil até 100 mil;112;11;123;1,3;142;64;206;2,17;139;1,7
3509254;Cajati;682;RA de Registro;Demais municípios;28992;Mais de 20 mil até 50 mil;34;1;35;1,23;32;6;38;1,33;0;0
3509304;Cajobi;694;RA de Barretos;Demais municípios;10105;Mais de 10 mil até 20 mil;11;0;11;1,21;5;1;6;0,66;32;3,2
3509403;Cajuru;687;RA de Ribeirão Preto;RM  de Ribeirão Preto;25663;Mais de 20 mil até 50 mil;34;1;35;1,47;43;5;48;2,02;140;5,4
3509452;Campina do Monte Alegre;696;RA de Itapeva;Demais municípios;5812;Mais de 5 mil até 10 mil;5;0;5;0,83;3;0;3;0,5;0;0
3509502;Campinas;686;RA de Campinas;RM  de Campinas;1175501;Mais de 1 milhão;2251;994;3245;2,85;3892;3564;7456;6,54;2646;2,2
3509601;Campo Limpo Paulista;686;RA de Campinas;Demais municípios;82842;Mais de 50 mil até 100 mil;78;4;82;1,06;78;10;88;1,13;54;0,6
3509700;Campos do Jordão;684;RA de São José dos Campos;RM  do Vale do Paraíba e Litoral Norte;50118;Mais de 50 mil até 100 mil;74;9;83;1,77;116;40;156;3,33;195;3,9
3509809;Campos Novos Paulista;692;RA de Marília;Demais municípios;4817;Até 5 mil;11;0;11;2,25;11;0;11;2,25;0;0
3509908;Cananéia;682;RA de Registro;Demais municípios;12341;Mais de 10 mil até 20 mil;21;0;21;1,72;11;1;12;0,98;0;0
3509957;Canas;684;RA de São José dos Campos;RM  do Vale do Paraíba e Litoral Norte;5064;Mais de 5 mil até 10 mil;3;0;3;0,6;3;0;3;0,6;0;0
3510005;Cândido Mota;692;RA de Marília;Demais municípios;30019;Mais de 20 mil até 50 mil;28;0;28;0,95;74;4;78;2,66;30;1
3510104;Cândido Rodrigues;693;RA Central;Demais municípios;2674;Até 5 mil;7;0;7;2,4;5;0;5;1,71;0;0
3510153;Canitar;692;RA de Marília;Demais municípios;4991;Até 5 mil;3;0;3;0,47;20;0;20;3,1;0;0
3510203;Capão Bonito;696;RA de Itapeva;Demais municípios;46418;Mais de 20 mil até 50 mil;41;1;42;0,91;59;5;64;1,38;45;1
3510302;Capela do Alto;685;RA de Sorocaba;RM  de Sorocaba;20542;Mais de 20 mil até 50 mil;27;2;29;1,25;28;0;28;1,2;59;2,8
3510401;Capivari;686;RA de Campinas;Demais municípios;54231;Mais de 50 mil até 100 mil;45;43;88;1,76;53;49;102;2,04;104;1,9
3510500;Caraguatatuba;684;RA de São José dos Campos;RM  do Vale do Paraíba e Litoral Norte;116106;Mais de 100 mil até 200 mil;356;29;385;2,8;396;103;499;3,63;322;2,7
3510609;Carapicuíba;681;RM  de São Paulo;RM  de São Paulo;394598;Mais de 200 mil até 500 mil;327;43;370;0,96;444;133;577;1,49;270;0,7
3510708;Cardoso;689;RA de São José do Rio Preto;Demais municípios;11721;Mais de 10 mil até 20 mil;14;0;14;1,24;25;0;25;2,21;31;2,6
3510807;Casa Branca;686;RA de Campinas;Demais municípios;29462;Mais de 20 mil até 50 mil;72;0;72;2,57;76;9;85;3,03;406;13,7
3510906;Cássia dos Coqueiros;687;RA de Ribeirão Preto;RM  de Ribeirão Preto;2495;Até 5 mil;5;0;5;1,79;7;0;7;2,5;0;0
3511003;Castilho;690;RA de Araçatuba;Demais municípios;20728;Mais de 20 mil até 50 mil;23;0;23;1,15;20;0;20;1;31;1,5
3511102;Catanduva;689;RA de São José do Rio Preto;Demais municípios;117206;Mais de 100 mil até 200 mil;277;64;341;2,94;518;195;713;6,16;592;5
3511201;Catiguá;689;RA de São José do Rio Preto;Demais municípios;7529;Mais de 5 mil até 10 mil;7;0;7;1,01;9;0;9;1,29;0;0
3511300;Cedral;689;RA de São José do Rio Preto;Demais municípios;8836;Mais de 5 mil até 10 mil;18;2;20;1,54;41;4;45;3,47;0;0
3511409;Cerqueira César;685;RA de Sorocaba;Demais municípios;19213;Mais de 10 mil até 20 mil;27;0;27;1,24;14;3;17;0,78;39;2
3511508;Cerquilho;685;RA de Sorocaba;RM  de Sorocaba;46411;Mais de 20 mil até 50 mil;41;4;45;1;43;58;101;2,25;38;0,8
3511607;Cesário Lange;685;RA de Sorocaba;RM  de Sorocaba;17248;Mais de 10 mil até 20 mil;20;0;20;1,04;25;1;26;1,35;27;1,5
3511706;Charqueada;686;RA de Campinas;Demais municípios;16933;Mais de 10 mil até 20 mil;13;1;14;0,9;11;2;13;0,84;33;1,9
3557204;Chavantes;692;RA de Marília;Demais municípios;12223;Mais de 10 mil até 20 mil;11;0;11;0,9;7;1;8;0,66;51;4,2
3511904;Clementina;690;RA de Araçatuba;Demais municípios;8324;Mais de 5 mil até 10 mil;8;0;8;1,15;4;0;4;0,58;24;2,8
3512001;Colina;694;RA de Barretos;Demais municípios;17603;Mais de 10 mil até 20 mil;26;0;26;1,4;28;3;31;1,67;54;3,1
3512100;Colômbia;694;RA de Barretos;Demais municípios;6046;Mais de 5 mil até 10 mil;13;1;14;2,1;20;1;21;3,15;20;3,3
3512209;Conchal;686;RA de Campinas;Demais municípios;27284;Mais de 20 mil até 50 mil;27;0;27;0,96;23;6;29;1,03;52;1,9
3512308;Conchas;685;RA de Sorocaba;Demais municípios;17134;Mais de 10 mil até 20 mil;23;0;23;1,52;7;6;13;0,86;15;0,9
3512407;Cordeirópolis;686;RA de Campinas;Demais municípios;24356;Mais de 20 mil até 50 mil;25;1;26;1,05;27;23;50;2,02;0;0
3512506;Coroados;690;RA de Araçatuba;Demais municípios;5926;Mais de 5 mil até 10 mil;6;0;6;1,11;2;0;2;0,37;0;0
3512605;Coronel Macedo;696;RA de Itapeva;Demais municípios;4843;Até 5 mil;7;0;7;1,67;3;0;3;0,71;2;0,4
3512704;Corumbataí;686;RA de Campinas;Demais municípios;3962;Até 5 mil;7;0;7;1,66;12;0;12;2,85;2;0,5
3512803;Cosmópolis;686;RA de Campinas;RM  de Campinas;71282;Mais de 50 mil até 100 mil;60;1;61;1,02;54;19;73;1,22;61;0,8
3512902;Cosmorama;689;RA de São José do Rio Preto;Demais municípios;6997;Mais de 5 mil até 10 mil;9;0;9;1,02;10;0;10;1,13;0;0
3513009;Cotia;681;RM  de São Paulo;RM  de São Paulo;247424;Mais de 200 mil até 500 mil;338;90;428;1,53;285;176;461;1,65;526;2,1
3513108;Cravinhos;687;RA de Ribeirão Preto;RM  de Ribeirão Preto;34428;Mais de 20 mil até 50 mil;29;1;30;0,9;31;5;36;1,08;15;0,4
3513207;Cristais Paulista;695;RA de Franca;Demais municípios;8425;Mais de 5 mil até 10 mil;8;0;8;0,85;34;0;34;3,63;0;0
3513306;Cruzália;692;RA de Marília;Demais municípios;2117;Até 5 mil;5;0;5;2,39;5;0;5;2,39;0;0
3513405;Cruzeiro;684;RA de São José dos Campos;RM  do Vale do Paraíba e Litoral Norte;79927;Mais de 50 mil até 100 mil;120;6;126;1,69;116;68;184;2,47;121;1,5
3513504;Cubatão;683;RA de Santos;RM  da Baixada Santista;129145;Mais de 100 mil até 200 mil;219;17;236;2,12;325;63;388;3,48;84;0,6
3513603;Cunha;684;RA de São José dos Campos;RM  do Vale do Paraíba e Litoral Norte;21681;Mais de 20 mil até 50 mil;18;1;19;0,86;18;5;23;1,04;40;1,8
3513702;Descalvado;693;RA Central;Demais municípios;32430;Mais de 20 mil até 50 mil;35;11;46;1,45;64;5;69;2,17;40;1,2
3513801;Diadema;681;RM  de São Paulo;RM  de São Paulo;404477;Mais de 200 mil até 500 mil;454;60;514;1,31;838;395;1233;3,14;632;1,6
3513850;Dirce Reis;689;RA de São José do Rio Preto;Demais municípios;1717;Até 5 mil;2;0;2;1,24;5;0;5;3,11;0;0
3513900;Divinolândia;686;RA de Campinas;Demais municípios;10886;Mais de 10 mil até 20 mil;24;1;25;2,25;115;1;116;10,43;186;17,2
3514007;Dobrada;693;RA Central;Demais municípios;8904;Mais de 5 mil até 10 mil;12;0;12;1,36;5;0;5;0,57;0;0
3514106;Dois Córregos;688;RA de Bauru;Demais municípios;26972;Mais de 20 mil até 50 mil;20;2;22;0,9;35;4;39;1,6;67;2,5
3514205;Dolcinópolis;689;RA de São José do Rio Preto;Demais municípios;2040;Até 5 mil;3;0;3;1,35;1;0;1;0,45;0;0
3514304;Dourado;693;RA Central;Demais municípios;8482;Mais de 5 mil até 10 mil;10;1;11;1,37;6;0;6;0,74;17;2
3514403;Dracena;691;RA de Presidente Prudente;Demais municípios;44995;Mais de 20 mil até 50 mil;100;7;107;2,35;165;25;190;4,17;150;3,3
3514502;Duartina;688;RA de Bauru;Demais municípios;11975;Mais de 10 mil até 20 mil;12;0;12;0,97;10;9;19;1,54;87;7,3
3514601;Dumont;687;RA de Ribeirão Preto;RM  de Ribeirão Preto;9570;Mais de 5 mil até 10 mil;8;0;8;0,84;60;0;60;6,28;0;0
3514700;Echaporã;692;RA de Marília;Demais municípios;6217;Mais de 5 mil até 10 mil;11;0;11;1,78;7;0;7;1,13;0;0
3514809;Eldorado;682;RA de Registro;Demais municípios;15236;Mais de 10 mil até 20 mil;25;0;25;1,94;10;0;10;0,78;2;0,1
3514908;Elias Fausto;686;RA de Campinas;Demais municípios;17346;Mais de 10 mil até 20 mil;13;0;13;0,73;27;3;30;1,68;6;0,3
3514924;Elisiário;689;RA de São José do Rio Preto;Demais municípios;3499;Até 5 mil;0;0;0;0;1;0;1;0,32;0;0
3514957;Embaúba;694;RA de Barretos;Demais municípios;2409;Até 5 mil;4;0;4;1,73;13;0;13;5,62;0;0
3515004;Embu das Artes;681;RM  de São Paulo;RM  de São Paulo;270790;Mais de 200 mil até 500 mil;214;7;221;0,88;304;17;321;1,28;264;1
3515103;Embu-Guaçu;681;RM  de São Paulo;RM  de São Paulo;68053;Mais de 50 mil até 100 mil;48;3;51;0,76;53;11;64;0,96;15;0,2
3515129;Emilianópolis;691;RA de Presidente Prudente;Demais municípios;3068;Até 5 mil;3;0;3;1;4;0;4;1,33;0;0
3515152;Engenheiro Coelho;686;RA de Campinas;RM  de Campinas;20535;Mais de 20 mil até 50 mil;17;5;22;1,11;34;12;46;2,32;0;0
3515186;Espírito Santo do Pinhal;686;RA de Campinas;Demais municípios;42573;Mais de 20 mil até 50 mil;80;5;85;2,15;88;32;120;3,03;422;9,9
3515194;Espírito Santo do Turvo;692;RA de Marília;Demais municípios;4799;Até 5 mil;5;0;5;1,2;2;0;2;0,48;0;0
3557303;Estiva Gerbi;686;RA de Campinas;Demais municípios;11079;Mais de 10 mil até 20 mil;14;0;14;1,23;4;0;4;0,35;0;0
3515301;Estrela do Norte;691;RA de Presidente Prudente;Demais municípios;2665;Até 5 mil;5;0;5;1,86;3;0;3;1,11;0;0
3515202;Estrela d'Oeste;689;RA de São José do Rio Preto;Demais municípios;8094;Mais de 5 mil até 10 mil;16;0;16;1,68;14;3;17;1,79;37;4,6
3515350;Euclides da Cunha Paulista;691;RA de Presidente Prudente;Demais municípios;9537;Mais de 5 mil até 10 mil;11;0;11;1,42;9;2;11;1,42;0;0
3515400;Fartura;696;RA de Itapeva;Demais municípios;15644;Mais de 10 mil até 20 mil;16;1;17;1,02;27;2;29;1,74;20;1,3
3515608;Fernando Prestes;693;RA Central;Demais municípios;5572;Mais de 5 mil até 10 mil;8;0;8;1,34;18;0;18;3,01;0;0
3515509;Fernandópolis;689;RA de São José do Rio Preto;Demais municípios;66112;Mais de 50 mil até 100 mil;157;10;167;2,33;221;92;313;4,37;135;2
3515657;Fernão;692;RA de Marília;Demais municípios;1649;Até 5 mil;3;0;3;1,8;2;0;2;1,2;0;0
3515707;Ferraz de Vasconcelos;681;RM  de São Paulo;RM  de São Paulo;193037;Mais de 100 mil até 200 mil;242;0;242;1,35;413;12;425;2,37;189;1
3515806;Flora Rica;691;RA de Presidente Prudente;Demais municípios;1589;Até 5 mil;4;0;4;2,73;4;0;4;2,73;0;0
3515905;Floreal;689;RA de São José do Rio Preto;Demais municípios;2856;Até 5 mil;3;0;3;1,11;2;0;2;0,74;0;0
3516002;Flórida Paulista;691;RA de Presidente Prudente;Demais municípios;12120;Mais de 10 mil até 20 mil;18;1;19;1,47;10;1;11;0,85;47;3,9
3516101;Florínia;692;RA de Marília;Demais municípios;2703;Até 5 mil;13;0;13;3,32;9;0;9;2,3;0;0
3516200;Franca;695;RA de Franca;Demais municípios;342125;Mais de 200 mil até 500 mil;317;102;419;1,18;746;223;969;2,73;535;1,5
3516309;Francisco Morato;681;RM  de São Paulo;RM  de São Paulo;174403;Mais de 100 mil até 200 mil;168;2;170;1,03;266;18;284;1,72;168;0,9
3516408;Franco da Rocha;681;RM  de São Paulo;RM  de São Paulo;152201;Mais de 100 mil até 200 mil;243;16;259;1,78;331;26;357;2,45;434;2,8
3516507;Gabriel Monteiro;690;RA de Araçatuba;Demais municípios;2684;Até 5 mil;4;0;4;1,45;1;0;1;0,36;0;0
3516606;Gália;692;RA de Marília;Demais municípios;6563;Mais de 5 mil até 10 mil;13;0;13;2,06;14;1;15;2,38;45;6,9
3516705;Garça;692;RA de Marília;Demais municípios;42483;Mais de 20 mil até 50 mil;72;1;73;1,74;66;18;84;2;269;6,4
3516804;Gastão Vidigal;690;RA de Araçatuba;Demais municípios;4768;Até 5 mil;3;0;3;0,95;2;0;2;0,63;0;0
3516853;Gavião Peixoto;693;RA Central;Demais municípios;4610;Até 5 mil;6;0;6;1,27;8;0;8;1,69;0;0
3516903;General Salgado;690;RA de Araçatuba;Demais municípios;10648;Mais de 10 mil até 20 mil;13;0;13;1,26;6;2;8;0,78;28;2,6
3517000;Getulina;688;RA de Bauru;Demais municípios;10847;Mais de 10 mil até 20 mil;18;0;18;1,77;18;0;18;1,77;38;3,5
3517109;Glicério;690;RA de Araçatuba;Demais municípios;4749;Até 5 mil;5;0;5;1,22;4;0;4;0,98;0;0
3517208;Guaiçara;688;RA de Bauru;Demais municípios;11947;Mais de 10 mil até 20 mil;9;0;9;0,8;13;0;13;1,15;0;0
3517307;Guaimbê;688;RA de Bauru;Demais municípios;5534;Mais de 5 mil até 10 mil;10;0;10;1,82;3;0;3;0,55;0;0
3517406;Guaíra;694;RA de Barretos;Demais municípios;39061;Mais de 20 mil até 50 mil;42;1;43;1,09;54;7;61;1,55;71;1,8
3517505;Guapiaçu;689;RA de São José do Rio Preto;Demais municípios;20848;Mais de 20 mil até 50 mil;26;0;26;1,18;37;1;38;1,73;0;0
3517604;Guapiara;696;RA de Itapeva;Demais municípios;17775;Mais de 10 mil até 20 mil;18;0;18;1,06;16;0;16;0,95;0;0
3517703;Guará;695;RA de Franca;Demais municípios;20824;Mais de 20 mil até 50 mil;22;1;23;1,25;34;6;40;2,17;60;2,9
3517802;Guaraçaí;690;RA de Araçatuba;Demais municípios;8412;Mais de 5 mil até 10 mil;9;0;9;1,23;10;0;10;1,37;23;2,7
3517901;Guaraci;694;RA de Barretos;Demais municípios;10978;Mais de 10 mil até 20 mil;8;0;8;0,77;30;0;30;2,89;0;0
3518008;Guarani d'Oeste;689;RA de São José do Rio Preto;Demais municípios;1922;Até 5 mil;3;0;3;1,53;4;0;4;2,04;0;0
3518107;Guarantã;688;RA de Bauru;Demais municípios;6477;Mais de 5 mil até 10 mil;10;0;10;1,56;4;0;4;0,62;0;0
3518206;Guararapes;690;RA de Araçatuba;Demais municípios;32076;Mais de 20 mil até 50 mil;29;2;31;1;32;0;32;1,03;74;2,3
3518305;Guararema;681;RM  de São Paulo;RM  de São Paulo;29429;Mais de 20 mil até 50 mil;45;1;46;1,46;70;5;75;2,38;31;1
3518404;Guaratinguetá;684;RA de São José dos Campos;RM  do Vale do Paraíba e Litoral Norte;118345;Mais de 100 mil até 200 mil;213;63;276;2,33;175;232;407;3,44;310;2,6
3518503;Guareí;685;RA de Sorocaba;Demais municípios;15750;Mais de 10 mil até 20 mil;18;0;18;1,2;13;1;14;0,93;0;0
3518602;Guariba;687;RA de Ribeirão Preto;RM  de Ribeirão Preto;39021;Mais de 20 mil até 50 mil;27;5;32;0,85;52;17;69;1,84;66;1,7
3518701;Guarujá;683;RA de Santos;RM  da Baixada Santista;316405;Mais de 200 mil até 500 mil;406;57;463;1,62;681;180;861;3,01;447;1,4
3518800;Guarulhos;681;RM  de São Paulo;RM  de São Paulo;1351275;Mais de 1 milhão;1446;348;1794;1,39;1950;1667;3617;2,8;1890;1,4
3518859;Guatapará;687;RA de Ribeirão Preto;RM  de Ribeirão Preto;7440;Mais de 5 mil até 10 mil;11;0;11;1,5;23;0;23;3,14;0;0
3518909;Guzolândia;690;RA de Araçatuba;Demais municípios;5107;Mais de 5 mil até 10 mil;4;0;4;0,95;13;0;13;3,1;0;0
3519006;Herculândia;692;RA de Marília;Demais municípios;9260;Mais de 5 mil até 10 mil;14;0;14;1,53;12;0;12;1,31;58;6,2
3519055;Holambra;686;RA de Campinas;RM  de Campinas;14493;Mais de 10 mil até 20 mil;15;2;17;1,1;9;7;16;1,04;0;0
3519071;Hortolândia;686;RA de Campinas;RM  de Campinas;230268;Mais de 200 mil até 500 mil;199;24;223;0,93;233;55;288;1,2;119;0,5
3519105;Iacanga;688;RA de Bauru;Demais municípios;11306;Mais de 10 mil até 20 mil;16;0;16;1,53;6;1;7;0,67;30;2,6
3519204;Iacri;692;RA de Marília;Demais municípios;6272;Mais de 5 mil até 10 mil;12;0;12;1,97;5;0;5;0,82;0;0
3519253;Iaras;685;RA de Sorocaba;Demais municípios;6894;Mais de 5 mil até 10 mil;6;0;6;0,74;5;0;5;0,62;0;0
3519303;Ibaté;693;RA Central;Demais municípios;34738;Mais de 20 mil até 50 mil;22;1;23;0,71;49;5;54;1,68;37;1
3519402;Ibirá;689;RA de São José do Rio Preto;Demais municípios;12059;Mais de 10 mil até 20 mil;12;0;12;1,02;9;0;9;0,77;27;2,2
3519501;Ibirarema;692;RA de Marília;Demais municípios;7509;Mais de 5 mil até 10 mil;10;0;10;1,58;9;0;9;1,43;0;0
3519600;Ibitinga;693;RA Central;Demais municípios;58501;Mais de 50 mil até 100 mil;49;4;53;0,88;81;24;105;1,74;104;1,8
3519709;Ibiúna;685;RA de Sorocaba;RM  de Sorocaba;76430;Mais de 50 mil até 100 mil;60;10;70;0,92;49;14;63;0,83;228;2,9
3519808;Icém;689;RA de São José do Rio Preto;Demais municípios;8032;Mais de 5 mil até 10 mil;10;0;10;1,28;12;2;14;1,79;0;0
3519907;Iepê;691;RA de Presidente Prudente;Demais municípios;7921;Mais de 5 mil até 10 mil;12;0;12;1,58;15;0;15;1,98;18;2,3
3520004;Igaraçu do Tietê;688;RA de Bauru;Demais municípios;24135;Mais de 20 mil até 50 mil;7;0;7;0,3;10;0;10;0,43;0;0
3520103;Igarapava;695;RA de Franca;Demais municípios;29456;Mais de 20 mil até 50 mil;39;1;40;1,54;51;9;60;2,31;43;1,4
3520202;Igaratá;684;RA de São José dos Campos;RM  do Vale do Paraíba e Litoral Norte;9312;Mais de 5 mil até 10 mil;12;0;12;1,12;10;0;10;0,93;8;0,9
3520301;Iguape;682;RA de Registro;Demais municípios;29465;Mais de 20 mil até 50 mil;33;0;33;1,14;81;6;87;3;9;0,3
3520426;Ilha Comprida;682;RA de Registro;Demais municípios;10296;Mais de 10 mil até 20 mil;23;0;23;1,67;10;4;14;1,02;0;0
3520442;Ilha Solteira;690;RA de Araçatuba;Demais municípios;25748;Mais de 20 mil até 50 mil;52;1;53;2,08;45;17;62;2,43;110;4,3
3520400;Ilhabela;684;RA de São José dos Campos;RM  do Vale do Paraíba e Litoral Norte;33470;Mais de 20 mil até 50 mil;99;0;99;2,8;101;4;105;2,97;39;1,1
3520509;Indaiatuba;686;RA de Campinas;RM  de Campinas;242868;Mais de 200 mil até 500 mil;270;69;339;1,31;700;164;864;3,33;384;1,5
3520608;Indiana;691;RA de Presidente Prudente;Demais municípios;4775;Até 5 mil;4;0;4;0,79;3;0;3;0,59;0;0
3520707;Indiaporã;689;RA de São José do Rio Preto;Demais municípios;3854;Até 5 mil;8;0;8;1,98;10;0;10;2,47;36;9,4
3520806;Inúbia Paulista;691;RA de Presidente Prudente;Demais municípios;3892;Até 5 mil;3;0;3;0,84;6;0;6;1,67;0;0
3520905;Ipaussu;692;RA de Marília;Demais municípios;14506;Mais de 10 mil até 20 mil;11;0;11;0,8;9;0;9;0,66;49;3,3
3521002;Iperó;685;RA de Sorocaba;RM  de Sorocaba;34352;Mais de 20 mil até 50 mil;29;0;29;0,78;29;2;31;0,84;15;0,4
3521101;Ipeúna;686;RA de Campinas;Demais municípios;7571;Mais de 5 mil até 10 mil;13;1;14;2,03;52;0;52;7,55;0;0
3521150;Ipiguá;689;RA de São José do Rio Preto;Demais municípios;5231;Mais de 5 mil até 10 mil;6;0;6;0,86;22;0;22;3,17;0;0
3521200;Iporanga;696;RA de Itapeva;Demais municípios;4407;Até 5 mil;11;0;11;2,73;8;0;8;1,99;0;0
3521309;Ipuã;695;RA de Franca;Demais municípios;15861;Mais de 10 mil até 20 mil;27;0;27;1,87;16;3;19;1,32;50;3,1
3521408;Iracemápolis;686;RA de Campinas;Demais municípios;23654;Mais de 20 mil até 50 mil;15;0;15;0,68;13;7;20;0,91;3;0,1
3521507;Irapuã;689;RA de São José do Rio Preto;Demais municípios;7734;Mais de 5 mil até 10 mil;8;0;8;1,17;3;1;4;0,59;0;0
3521606;Irapuru;691;RA de Presidente Prudente;Demais municípios;7334;Mais de 5 mil até 10 mil;10;0;10;1,43;4;0;4;0,57;0;0
3521705;Itaberá;696;RA de Itapeva;Demais municípios;17614;Mais de 10 mil até 20 mil;17;0;17;0,95;17;1;18;1;19;1,1
3521804;Itaí;696;RA de Itapeva;Demais municípios;26507;Mais de 20 mil até 50 mil;19;0;19;0,75;13;1;14;0,55;35;1,3
3521903;Itajobi;689;RA de São José do Rio Preto;Demais municípios;14614;Mais de 10 mil até 20 mil;18;0;18;1,05;17;3;20;1,16;50;3,4
3522000;Itaju;688;RA de Bauru;Demais municípios;3654;Até 5 mil;4;0;4;1,1;3;0;3;0,82;0;0
3522109;Itanhaém;683;RA de Santos;RM  da Baixada Santista;98757;Mais de 50 mil até 100 mil;192;2;194;1,7;172;42;214;1,87;135;1,3
3522158;Itaóca;696;RA de Itapeva;Demais municípios;3186;Até 5 mil;0;0;0;0;1;0;1;0,29;0;0
3522208;Itapecerica da Serra;681;RM  de São Paulo;RM  de São Paulo;169619;Mais de 100 mil até 200 mil;276;37;313;1,98;265;55;320;2,02;650;3,8
3522307;Itapetininga;685;RA de Sorocaba;RM  de Sorocaba;160150;Mais de 100 mil até 200 mil;204;40;244;1,54;240;113;353;2,23;152;0,9
3522406;Itapeva;696;RA de Itapeva;Demais municípios;91693;Mais de 50 mil até 100 mil;155;9;164;1,83;150;43;193;2,15;147;1,6
3522505;Itapevi;681;RM  de São Paulo;RM  de São Paulo;237714;Mais de 200 mil até 500 mil;281;72;353;1,51;355;197;552;2,36;360;1,5
3522604;Itapira;686;RA de Campinas;Demais municípios;71500;Mais de 50 mil até 100 mil;96;24;120;1,66;101;95;196;2,72;939;13,1
3522653;Itapirapuã Paulista;696;RA de Itapeva;Demais municípios;4180;Até 5 mil;8;0;8;1,84;3;0;3;0,69;0;0
3522703;Itápolis;693;RA Central;Demais municípios;41548;Mais de 20 mil até 50 mil;27;0;27;0,69;38;7;45;1,14;69;1,7
3522802;Itaporanga;696;RA de Itapeva;Demais municípios;14688;Mais de 10 mil até 20 mil;18;1;19;1,36;11;1;12;0,86;41;2,8
3522901;Itapuí;688;RA de Bauru;Demais municípios;13779;Mais de 10 mil até 20 mil;12;0;12;0,87;18;0;18;1,31;30;2,1
3523008;Itapura;690;RA de Araçatuba;Demais municípios;4916;Até 5 mil;4;0;4;1,02;1;0;1;0,25;0;0
3523107;Itaquaquecetuba;681;RM  de São Paulo;RM  de São Paulo;370589;Mais de 200 mil até 500 mil;259;3;262;0,7;308;45;353;0,95;256;0,7
3523206;Itararé;696;RA de Itapeva;Demais municípios;49018;Mais de 20 mil até 50 mil;40;1;41;0,93;47;8;55;1,25;78;1,6
3523305;Itariri;682;RA de Registro;Demais municípios;17274;Mais de 10 mil até 20 mil;18;1;19;1,23;13;1;14;0,9;0;0
3523404;Itatiba;686;RA de Campinas;RM  de Campinas;117916;Mais de 100 mil até 200 mil;141;10;151;1,23;229;32;261;2,12;120;1
3523503;Itatinga;685;RA de Sorocaba;Demais municípios;20550;Mais de 20 mil até 50 mil;11;0;11;0,58;9;1;10;0,52;14;0,7
3523602;Itirapina;686;RA de Campinas;Demais municípios;17162;Mais de 10 mil até 20 mil;18;0;18;1,11;31;1;32;1,98;10;0,6
3523701;Itirapuã;695;RA de Franca;Demais municípios;6279;Mais de 5 mil até 10 mil;6;0;6;1,04;6;0;6;1,04;0;0
3523800;Itobi;686;RA de Campinas;Demais municípios;7609;Mais de 5 mil até 10 mil;6;0;6;0,74;7;1;8;0,99;0;0
3523909;Itu;685;RA de Sorocaba;RM  de Sorocaba;169772;Mais de 100 mil até 200 mil;239;35;274;1,62;412;126;538;3,18;436;2,5
3524006;Itupeva;686;RA de Campinas;Demais municípios;59159;Mais de 50 mil até 100 mil;85;8;93;1,28;93;45;138;1,9;86;1,4
3524105;Ituverava;695;RA de Franca;Demais municípios;40246;Mais de 20 mil até 50 mil;55;8;63;1,68;109;50;159;4,25;120;3
3524204;Jaborandi;694;RA de Barretos;Demais municípios;6677;Mais de 5 mil até 10 mil;12;0;12;1,94;7;3;10;1,62;17;2,5
3524303;Jaboticabal;687;RA de Ribeirão Preto;RM  de Ribeirão Preto;74221;Mais de 50 mil até 100 mil;127;19;146;2,04;188;38;226;3,15;277;3,7
3524402;Jacareí;684;RA de São José dos Campos;RM  do Vale do Paraíba e Litoral Norte;227945;Mais de 200 mil até 500 mil;269;160;429;1,77;492;423;915;3,78;363;1,6
3524501;Jaci;689;RA de São José do Rio Preto;Demais municípios;6969;Mais de 5 mil até 10 mil;24;1;25;3,23;23;0;23;2,97;216;30,3
3524600;Jacupiranga;682;RA de Registro;Demais municípios;17222;Mais de 10 mil até 20 mil;23;0;23;1,44;13;1;14;0,88;0;0
3524709;Jaguariúna;686;RA de Campinas;RM  de Campinas;54848;Mais de 50 mil até 100 mil;114;2;116;1,92;234;23;257;4,25;84;1,5
3524808;Jales;689;RA de São José do Rio Preto;Demais municípios;47254;Mais de 20 mil até 50 mil;107;4;111;2,27;128;48;176;3,6;151;3,2
3524907;Jambeiro;684;RA de São José dos Campos;RM  do Vale do Paraíba e Litoral Norte;6214;Mais de 5 mil até 10 mil;12;0;12;1,85;5;0;5;0,77;0;0
3525003;Jandira;681;RM  de São Paulo;RM  de São Paulo;123603;Mais de 100 mil até 200 mil;99;1;100;0,84;52;12;64;0,54;15;0,1
3525102;Jardinópolis;687;RA de Ribeirão Preto;RM  de Ribeirão Preto;42893;Mais de 20 mil até 50 mil;42;0;42;0,92;66;8;74;1,62;0;0
3525201;Jarinu;686;RA de Campinas;Demais municípios;29820;Mais de 20 mil até 50 mil;34;2;36;0,93;19;5;24;0,62;29;0,9
3525300;Jaú;688;RA de Bauru;Demais municípios;147505;Mais de 100 mil até 200 mil;425;60;485;3,63;434;97;531;3,98;996;6,7
3525409;Jeriquara;695;RA de Franca;Demais municípios;3141;Até 5 mil;3;0;3;0,77;2;0;2;0,51;0;0
3525508;Joanópolis;686;RA de Campinas;Demais municípios;12666;Mais de 10 mil até 20 mil;11;0;11;0,86;13;3;16;1,25;11;0,9
3525607;João Ramalho;692;RA de Marília;Demais municípios;4384;Até 5 mil;8;0;8;1,83;5;0;5;1,15;0;0
3525706;José Bonifácio;689;RA de São José do Rio Preto;Demais municípios;35981;Mais de 20 mil até 50 mil;29;0;29;0,79;34;14;48;1,3;67;1,8
3525805;Júlio Mesquita;692;RA de Marília;Demais municípios;4640;Até 5 mil;5;0;5;1,18;5;0;5;1,18;0;0
3525854;Jumirim;685;RA de Sorocaba;RM  de Sorocaba;3306;Até 5 mil;5;0;5;1,63;3;0;3;0,98;0;0
3525904;Jundiaí;686;RA de Campinas;Demais municípios;407016;Mais de 200 mil até 500 mil;681;263;944;2,11;1096;983;2079;4,64;841;2
3526001;Junqueirópolis;691;RA de Presidente Prudente;Demais municípios;20065;Mais de 20 mil até 50 mil;31;0;31;1,51;26;0;26;1,27;46;2,3
3526100;Juquiá;682;RA de Registro;Demais municípios;18828;Mais de 10 mil até 20 mil;17;0;17;1;14;2;16;0,94;0;0
3526209;Juquitiba;681;RM  de São Paulo;RM  de São Paulo;30401;Mais de 20 mil até 50 mil;28;0;28;1,03;16;1;17;0,63;1;0
3526308;Lagoinha;684;RA de São José dos Campos;RM  do Vale do Paraíba e Litoral Norte;4819;Até 5 mil;12;0;12;2,36;4;0;4;0,79;0;0
3526407;Laranjal Paulista;685;RA de Sorocaba;Demais municípios;27834;Mais de 20 mil até 50 mil;27;0;27;1,03;33;10;43;1,63;46;1,6
3526506;Lavínia;690;RA de Araçatuba;Demais municípios;8500;Mais de 5 mil até 10 mil;11;0;11;1,13;5;0;5;0,51;0;0
3526605;Lavrinhas;684;RA de São José dos Campos;RM  do Vale do Paraíba e Litoral Norte;7167;Mais de 5 mil até 10 mil;6;2;8;1,11;2;1;3;0,42;0;0
3526704;Leme;686;RA de Campinas;Demais municípios;100975;Mais de 100 mil até 200 mil;113;11;124;1,26;126;46;172;1,75;135;1,3
3526803;Lençóis Paulista;688;RA de Bauru;Demais municípios;66343;Mais de 50 mil até 100 mil;98;12;110;1,65;103;28;131;1,96;171;2,6
3526902;Limeira;686;RA de Campinas;Demais municípios;296300;Mais de 200 mil até 500 mil;350;113;463;1,58;515;261;776;2,65;390;1,3
3527009;Lindóia;686;RA de Campinas;Demais municípios;7722;Mais de 5 mil até 10 mil;3;1;4;0,57;19;2;21;2,99;0;0
3527108;Lins;688;RA de Bauru;Demais municípios;75087;Mais de 50 mil até 100 mil;105;39;144;1,92;107;78;185;2,47;417;5,5
3527207;Lorena;684;RA de São José dos Campos;RM  do Vale do Paraíba e Litoral Norte;86639;Mais de 50 mil até 100 mil;130;49;179;2,11;140;86;226;2,66;173;2
3527256;Lourdes;690;RA de Araçatuba;Demais municípios;2182;Até 5 mil;2;0;2;1,04;1;0;1;0,52;0;0
3527306;Louveira;686;RA de Campinas;Demais municípios;48268;Mais de 20 mil até 50 mil;77;0;77;1,46;62;12;74;1,4;32;0,6
3527405;Lucélia;691;RA de Presidente Prudente;Demais municípios;21019;Mais de 20 mil até 50 mil;34;0;34;1,7;12;3;15;0,75;36;1,7
3527504;Lucianópolis;688;RA de Bauru;Demais municípios;2261;Até 5 mil;3;0;3;1,26;1;0;1;0,42;0;0
3527603;Luís Antônio;687;RA de Ribeirão Preto;RM  de Ribeirão Preto;14166;Mais de 10 mil até 20 mil;14;0;14;1,14;12;1;13;1,06;0;0
3527702;Luiziânia;690;RA de Araçatuba;Demais municípios;5754;Mais de 5 mil até 10 mil;7;0;7;1,5;5;0;5;1,07;0;0
3527801;Lupércio;692;RA de Marília;Demais municípios;4421;Até 5 mil;5;0;5;1,27;1;0;1;0,25;0;0
3527900;Lutécia;692;RA de Marília;Demais municípios;2621;Até 5 mil;7;0;7;2,64;1;0;1;0,38;0;0
3528007;Macatuba;688;RA de Bauru;Demais municípios;16932;Mais de 10 mil até 20 mil;10;0;10;0,59;9;0;9;0,54;31;1,8
3528106;Macaubal;689;RA de São José do Rio Preto;Demais municípios;7749;Mais de 5 mil até 10 mil;12;0;12;1,61;7;0;7;0,94;15;1,9
3528205;Macedônia;689;RA de São José do Rio Preto;Demais municípios;3574;Até 5 mil;8;0;8;2,01;1;0;1;0,25;0;0
3528304;Magda;689;RA de São José do Rio Preto;Demais municípios;3088;Até 5 mil;3;0;3;0,95;4;0;4;1,27;0;0
3528403;Mairinque;685;RA de Sorocaba;RM  de Sorocaba;46323;Mais de 20 mil até 50 mil;39;2;41;0,81;36;14;50;0,99;0;0
3528502;Mairiporã;681;RM  de São Paulo;RM  de São Paulo;98622;Mais de 50 mil até 100 mil;79;0;79;0,84;89;5;94;0,99;47;0,5
3528601;Manduri;685;RA de Sorocaba;Demais municípios;9525;Mais de 5 mil até 10 mil;9;1;10;1,01;12;0;12;1,21;0;0
3528700;Marabá Paulista;691;RA de Presidente Prudente;Demais municípios;4931;Até 5 mil;6;0;6;1,32;4;0;4;0,88;0;0
3528809;Maracaí;692;RA de Marília;Demais municípios;13521;Mais de 10 mil até 20 mil;12;1;13;1,04;10;0;10;0,8;26;1,9
3528858;Marapoama;689;RA de São José do Rio Preto;Demais municípios;2906;Até 5 mil;11;0;11;3,3;6;0;6;1,8;0;0
3528908;Mariápolis;691;RA de Presidente Prudente;Demais municípios;3975;Até 5 mil;4;0;4;1,15;2;0;2;0,57;0;0
3529005;Marília;692;RA de Marília;Demais municípios;231554;Mais de 200 mil até 500 mil;719;38;757;3,17;978;218;1196;5,01;892;3,8
3529104;Marinópolis;689;RA de São José do Rio Preto;Demais municípios;2097;Até 5 mil;3;0;3;1,64;2;0;2;1,09;0;0
3529203;Martinópolis;691;RA de Presidente Prudente;Demais municípios;25668;Mais de 20 mil até 50 mil;23;0;23;0,92;33;6;39;1,57;45;1,7
3529302;Matão;693;RA Central;Demais municípios;80020;Mais de 50 mil até 100 mil;117;7;124;1,57;172;22;194;2,46;152;1,9
3529401;Mauá;681;RM  de São Paulo;RM  de São Paulo;460132;Mais de 200 mil até 500 mil;391;115;506;1,21;617;327;944;2,26;496;1,1
3529500;Mendonça;689;RA de São José do Rio Preto;Demais municípios;5043;Mais de 5 mil até 10 mil;7;0;7;1,12;3;1;4;0,64;0;0
3529609;Meridiano;689;RA de São José do Rio Preto;Demais municípios;3739;Até 5 mil;5;0;5;1,08;2;0;2;0,43;0;0
3529658;Mesópolis;689;RA de São José do Rio Preto;Demais municípios;1893;Até 5 mil;4;0;4;2,05;2;0;2;1,03;0;0
3529708;Miguelópolis;695;RA de Franca;Demais municípios;21424;Mais de 20 mil até 50 mil;21;0;21;1,09;20;3;23;1,19;72;3,3
3529807;Mineiros do Tietê;688;RA de Bauru;Demais municípios;12597;Mais de 10 mil até 20 mil;9;0;9;0,81;9;0;9;0,81;11;0,9
3530003;Mira Estrela;689;RA de São José do Rio Preto;Demais municípios;2939;Até 5 mil;4;0;4;1,27;5;0;5;1,59;0;0
3529906;Miracatu;682;RA de Registro;Demais municípios;19934;Mais de 10 mil até 20 mil;20;0;20;1,09;12;1;13;0,71;0;0
3530102;Mirandópolis;690;RA de Araçatuba;Demais municípios;28646;Mais de 20 mil até 50 mil;60;1;61;2,18;21;7;28;1;85;3
3530201;Mirante do Paranapanema;691;RA de Presidente Prudente;Demais municípios;17769;Mais de 10 mil até 20 mil;20;1;21;1,33;31;3;34;2,15;23;1,3
3530300;Mirassol;689;RA de São José do Rio Preto;Demais municípios;57824;Mais de 50 mil até 100 mil;45;3;48;0,75;69;89;158;2,47;79;1,4
3530409;Mirassolândia;689;RA de São José do Rio Preto;Demais municípios;4702;Até 5 mil;9;0;9;1,92;5;0;5;1,07;0;0
3530508;Mococa;686;RA de Campinas;RM  de Ribeirão Preto;66753;Mais de 50 mil até 100 mil;73;5;78;1,15;106;25;131;1,94;137;2,1
3530607;Mogi das Cruzes;681;RM  de São Paulo;RM  de São Paulo;432905;Mais de 200 mil até 500 mil;645;234;879;1,93;705;552;1257;2,76;852;1,9
3530706;Mogi Guaçu;686;RA de Campinas;Demais municípios;148325;Mais de 100 mil até 200 mil;205;42;247;1,6;237;81;318;2,06;347;2,3
3530805;Moji Mirim;686;RA de Campinas;Demais municípios;90439;Mais de 50 mil até 100 mil;110;25;135;1,45;79;77;156;1,68;173;1,9
3530904;Mombuca;686;RA de Campinas;Demais municípios;3332;Até 5 mil;3;0;3;0,8;3;0;3;0,8;0;0
3531001;Monções;689;RA de São José do Rio Preto;Demais municípios;2175;Até 5 mil;2;0;2;1,05;3;0;3;1,57;0;0
3531100;Mongaguá;683;RA de Santos;RM  da Baixada Santista;54610;Mais de 50 mil até 100 mil;34;1;35;0,56;54;13;67;1,06;90;1,6
3531209;Monte Alegre do Sul;686;RA de Campinas;Demais municípios;7749;Mais de 5 mil até 10 mil;8;0;8;0,92;5;1;6;0,69;0;0
3531308;Monte Alto;687;RA de Ribeirão Preto;RM  de Ribeirão Preto;48405;Mais de 20 mil até 50 mil;63;8;71;1,49;44;21;65;1,37;94;1,9
3531407;Monte Aprazível;689;RA de São José do Rio Preto;Demais municípios;23458;Mais de 20 mil até 50 mil;21;1;22;0,99;18;16;34;1,52;80;3,4
3531506;Monte Azul Paulista;694;RA de Barretos;Demais municípios;18191;Mais de 10 mil até 20 mil;28;0;28;1,55;19;2;21;1,16;70;3,9
3531605;Monte Castelo;691;RA de Presidente Prudente;Demais municípios;3991;Até 5 mil;2;0;2;0,47;8;0;8;1,89;0;0
3531803;Monte Mor;686;RA de Campinas;RM  de Campinas;59614;Mais de 50 mil até 100 mil;49;3;52;0,79;43;13;56;0,85;35;0,6
3531704;Monteiro Lobato;684;RA de São José dos Campos;RM  do Vale do Paraíba e Litoral Norte;4465;Até 5 mil;9;0;9;2,17;12;0;12;2,9;0;0
3531902;Morro Agudo;695;RA de Franca;RM  de Ribeirão Preto;32332;Mais de 20 mil até 50 mil;39;2;41;1,48;51;8;59;2,12;47;1,4
3532009;Morungaba;686;RA de Campinas;RM  de Campinas;13247;Mais de 10 mil até 20 mil;12;0;12;0,86;9;1;10;0,72;19;1,4
3532058;Motuca;693;RA Central;Demais municípios;4638;Até 5 mil;6;0;6;1,51;2;0;2;0,5;0;0
3532108;Murutinga do Sul;690;RA de Araçatuba;Demais municípios;4281;Até 5 mil;6;0;6;1,62;2;0;2;0,54;0;0
3532157;Nantes;691;RA de Presidente Prudente;Demais municípios;3071;Até 5 mil;6;0;6;2,27;2;0;2;0,76;0;0
3532207;Narandiba;691;RA de Presidente Prudente;Demais municípios;4841;Até 5 mil;6;0;6;1,03;7;0;7;1,2;0;0
3532306;Natividade da Serra;684;RA de São José dos Campos;RM  do Vale do Paraíba e Litoral Norte;6698;Mais de 5 mil até 10 mil;7;0;7;1;6;0;6;0,86;0;0
3532405;Nazaré Paulista;686;RA de Campinas;Demais municípios;18445;Mais de 10 mil até 20 mil;12;0;12;0,66;16;1;17;0,93;20;1,1
3532504;Neves Paulista;689;RA de São José do Rio Preto;Demais municípios;8620;Mais de 5 mil até 10 mil;8;0;8;0,82;11;1;12;1,23;21;2,5
3532603;Nhandeara;689;RA de São José do Rio Preto;Demais municípios;10782;Mais de 10 mil até 20 mil;20;2;22;2,25;16;5;21;2,15;129;12
3532702;Nipoã;689;RA de São José do Rio Preto;Demais municípios;4969;Até 5 mil;8;0;8;1,68;9;0;9;1,89;0;0
3532801;Nova Aliança;689;RA de São José do Rio Preto;Demais municípios;6450;Mais de 5 mil até 10 mil;11;0;11;1,63;18;0;18;2,67;0;0
3532827;Nova Campina;696;RA de Itapeva;Demais municípios;9675;Mais de 5 mil até 10 mil;9;0;9;1,06;6;0;6;0,71;0;0
3532843;Nova Canaã Paulista;689;RA de São José do Rio Preto;Demais municípios;1937;Até 5 mil;4;0;4;1,98;2;0;2;0,99;0;0
3532868;Nova Castilho;690;RA de Araçatuba;Demais municípios;1176;Até 5 mil;3;0;3;2,85;3;0;3;2,85;0;0
3532900;Nova Europa;693;RA Central;Demais municípios;10749;Mais de 10 mil até 20 mil;12;2;14;1,51;7;1;8;0,86;18;1,6
3533007;Nova Granada;689;RA de São José do Rio Preto;Demais municípios;20918;Mais de 20 mil até 50 mil;15;0;15;0,77;15;7;22;1,13;62;2,9
3533106;Nova Guataporanga;691;RA de Presidente Prudente;Demais municípios;2191;Até 5 mil;3;0;3;1,39;1;0;1;0,46;0;0
3533205;Nova Independência;690;RA de Araçatuba;Demais municípios;3731;Até 5 mil;11;0;11;2,33;5;0;5;1,06;0;0
3533304;Nova Luzitânia;690;RA de Araçatuba;Demais municípios;4044;Até 5 mil;5;0;5;1,8;2;0;2;0,72;0;0
3533403;Nova Odessa;686;RA de Campinas;RM  de Campinas;58039;Mais de 50 mil até 100 mil;55;1;56;0,89;50;3;53;0,85;35;0,6
3533254;Novais;689;RA de São José do Rio Preto;Demais municípios;5509;Mais de 5 mil até 10 mil;7;0;7;1,6;5;0;5;1,14;0;0
3533502;Novo Horizonte;689;RA de São José do Rio Preto;Demais municípios;38954;Mais de 20 mil até 50 mil;50;1;51;1,33;73;9;82;2,14;83;2,1
3533601;Nuporanga;695;RA de Franca;RM  de Ribeirão Preto;7268;Mais de 5 mil até 10 mil;12;0;12;1,61;6;1;7;0,94;0;0
3533700;Ocauçu;692;RA de Marília;Demais municípios;4146;Até 5 mil;7;0;7;1,61;2;0;2;0,46;0;0
3533809;Óleo;692;RA de Marília;Demais municípios;2527;Até 5 mil;3;0;3;1,2;5;0;5;2,01;0;0
3533908;Olímpia;694;RA de Barretos;Demais municípios;52516;Mais de 50 mil até 100 mil;86;12;98;1,77;76;15;91;1,64;79;1,5
3534005;Onda Verde;689;RA de São José do Rio Preto;Demais municípios;4225;Até 5 mil;8;0;8;1,66;6;0;6;1,25;0;0
3534104;Oriente;692;RA de Marília;Demais municípios;6265;Mais de 5 mil até 10 mil;7;0;7;1,15;32;0;32;5,27;0;0
3534203;Orindiúva;689;RA de São José do Rio Preto;Demais municípios;6866;Mais de 5 mil até 10 mil;9;1;10;1,66;12;7;19;3,15;0;0
3534302;Orlândia;695;RA de Franca;RM  de Ribeirão Preto;42266;Mais de 20 mil até 50 mil;31;5;36;0,95;69;34;103;2,71;98;2,3
3534401;Osasco;681;RM  de São Paulo;RM  de São Paulo;680964;Mais de 500 mil até 1 milhão;795;386;1181;1,62;916;1159;2075;2,84;980;1,4
3534500;Oscar Bressane;692;RA de Marília;Demais municípios;2514;Até 5 mil;10;0;10;4,09;1;0;1;0,41;0;0
3534609;Osvaldo Cruz;691;RA de Presidente Prudente;Demais municípios;31263;Mais de 20 mil até 50 mil;43;2;45;1,44;39;16;55;1,76;72;2,3
3534708;Ourinhos;692;RA de Marília;Demais municípios;110489;Mais de 100 mil até 200 mil;196;57;253;2,44;183;98;281;2,71;169;1,5
3534807;Ouro Verde;691;RA de Presidente Prudente;Demais municípios;8268;Mais de 5 mil até 10 mil;7;0;7;0,9;4;0;4;0,52;0;0
3534757;Ouroeste;689;RA de São José do Rio Preto;Demais municípios;9777;Mais de 5 mil até 10 mil;17;0;17;1,63;13;1;14;1,35;33;3,3
3534906;Pacaembu;691;RA de Presidente Prudente;Demais municípios;13056;Mais de 10 mil até 20 mil;22;0;22;1,47;14;1;15;1;37;2,8
3535002;Palestina;689;RA de São José do Rio Preto;Demais municípios;12160;Mais de 10 mil até 20 mil;9;1;10;0,87;15;4;19;1,65;0;0
3535101;Palmares Paulista;689;RA de São José do Rio Preto;Demais municípios;12997;Mais de 10 mil até 20 mil;9;0;9;0,95;8;0;8;0,84;0;0
3535200;Palmeira d'Oeste;689;RA de São José do Rio Preto;Demais municípios;9130;Mais de 5 mil até 10 mil;10;0;10;1,13;4;1;5;0,57;20;2,2
3535309;Palmital;692;RA de Marília;Demais municípios;21599;Mais de 20 mil até 50 mil;22;0;22;1,13;33;1;34;1,75;43;2
3535408;Panorama;691;RA de Presidente Prudente;Demais municípios;15199;Mais de 10 mil até 20 mil;20;1;21;1,41;8;1;9;0,6;31;2
3535507;Paraguaçu Paulista;692;RA de Marília;Demais municípios;44180;Mais de 20 mil até 50 mil;59;0;59;1,44;79;6;85;2,08;96;2,2
3535606;Paraibuna;684;RA de São José dos Campos;RM  do Vale do Paraíba e Litoral Norte;18230;Mais de 10 mil até 20 mil;19;1;20;1,13;7;1;8;0,45;0;0
3535705;Paraíso;689;RA de São José do Rio Preto;Demais municípios;6269;Mais de 5 mil até 10 mil;6;0;6;0,98;16;0;16;2,62;0;0
3535804;Paranapanema;696;RA de Itapeva;Demais municípios;19962;Mais de 10 mil até 20 mil;15;0;15;0,77;7;0;7;0,36;15;0,7
3535903;Paranapuã;689;RA de São José do Rio Preto;Demais municípios;3892;Até 5 mil;4;0;4;0,99;2;0;2;0,49;0;0
3536000;Parapuã;692;RA de Marília;Demais municípios;10507;Mais de 10 mil até 20 mil;15;0;15;1,42;2;0;2;0,19;32;3,1
3536109;Pardinho;685;RA de Sorocaba;Demais municípios;6392;Mais de 5 mil até 10 mil;8;0;8;1,1;1;0;1;0,14;0;0
3536208;Pariquera-Açu;682;RA de Registro;Demais municípios;19251;Mais de 10 mil até 20 mil;108;0;108;5,61;96;0;96;4,99;166;8,6
3536257;Parisi;689;RA de São José do Rio Preto;Demais municípios;2054;Até 5 mil;3;0;3;1,02;2;0;2;0,68;0;0
3536307;Patrocínio Paulista;695;RA de Franca;Demais municípios;14463;Mais de 10 mil até 20 mil;18;0;18;1,23;9;0;9;0,62;35;2,4
3536406;Paulicéia;691;RA de Presidente Prudente;Demais municípios;7146;Mais de 5 mil até 10 mil;14;0;14;1,74;4;0;4;0,5;0;0
3536505;Paulínia;686;RA de Campinas;RM  de Campinas;105037;Mais de 100 mil até 200 mil;163;12;175;1,55;148;47;195;1,73;118;1,1
3536570;Paulistânia;688;RA de Bauru;Demais municípios;1769;Até 5 mil;3;0;3;1,42;1;0;1;0,47;0;0
3536604;Paulo de Faria;689;RA de São José do Rio Preto;Demais municípios;8521;Mais de 5 mil até 10 mil;10;0;10;1,37;4;0;4;0,55;11;1,3
3536703;Pederneiras;688;RA de Bauru;Demais municípios;45570;Mais de 20 mil até 50 mil;30;18;48;1,07;35;13;48;1,07;62;1,3
3536802;Pedra Bela;686;RA de Campinas;Demais municípios;5964;Mais de 5 mil até 10 mil;4;0;4;0,6;3;0;3;0,45;0;0
3536901;Pedranópolis;689;RA de São José do Rio Preto;Demais municípios;2422;Até 5 mil;4;0;4;1,43;2;0;2;0,71;0;0
3537008;Pedregulho;695;RA de Franca;Demais municípios;16279;Mais de 10 mil até 20 mil;19;0;19;1,23;10;5;15;0,97;64;3,9
3537107;Pedreira;686;RA de Campinas;RM  de Campinas;46548;Mais de 20 mil até 50 mil;35;0;35;0,81;39;8;47;1,09;98;2,1
3537156;Pedrinhas Paulista;692;RA de Marília;Demais municípios;3010;Até 5 mil;8;0;8;2,87;3;0;3;1,07;0;0
3537206;Pedro de Toledo;682;RA de Registro;Demais municípios;10977;Mais de 10 mil até 20 mil;11;0;11;0,97;4;0;4;0,35;3;0,3
3537305;Penápolis;690;RA de Araçatuba;Demais municípios;60774;Mais de 50 mil até 100 mil;66;3;69;1,12;73;24;97;1,57;180;2,9
3537404;Pereira Barreto;690;RA de Araçatuba;Demais municípios;25391;Mais de 20 mil até 50 mil;26;0;26;1,09;15;5;20;0,83;52;2
3537503;Pereiras;685;RA de Sorocaba;Demais municípios;8428;Mais de 5 mil até 10 mil;10;0;10;1,14;7;0;7;0,8;0;0
3537602;Peruíbe;683;RA de Santos;RM  da Baixada Santista;66201;Mais de 50 mil até 100 mil;75;3;78;1,13;56;28;84;1,22;18;0,3
3537701;Piacatu;690;RA de Araçatuba;Demais municípios;5891;Mais de 5 mil até 10 mil;5;0;5;0,9;2;0;2;0,36;0;0
3537800;Piedade;685;RA de Sorocaba;RM  de Sorocaba;53536;Mais de 50 mil até 100 mil;17;2;19;0,36;45;16;61;1,15;79;1,5
3537909;Pilar do Sul;685;RA de Sorocaba;RM  de Sorocaba;28221;Mais de 20 mil até 50 mil;26;1;27;0,98;19;4;23;0,83;35;1,2
3538006;Pindamonhangaba;684;RA de São José dos Campos;RM  do Vale do Paraíba e Litoral Norte;163611;Mais de 100 mil até 200 mil;180;95;275;1,65;325;119;444;2,66;255;1,5
3538105;Pindorama;689;RA de São José do Rio Preto;Demais municípios;16255;Mais de 10 mil até 20 mil;14;0;14;0,97;17;0;17;1,18;0;0
3538204;Pinhalzinho;686;RA de Campinas;Demais municípios;14755;Mais de 10 mil até 20 mil;11;1;12;0,78;8;1;9;0,59;0;0
3538303;Piquerobi;691;RA de Presidente Prudente;Demais municípios;3535;Até 5 mil;4;0;4;1,23;1;0;1;0,31;0;0
3538501;Piquete;684;RA de São José dos Campos;RM  do Vale do Paraíba e Litoral Norte;13647;Mais de 10 mil até 20 mil;11;0;11;0,89;6;0;6;0,49;0;0
3538600;Piracaia;686;RA de Campinas;Demais municípios;26287;Mais de 20 mil até 50 mil;17;2;19;0,73;22;0;22;0,84;42;1,6
3538709;Piracicaba;686;RA de Campinas;Demais municípios;389873;Mais de 200 mil até 500 mil;634;183;817;1,91;938;392;1330;3,11;760;1,9
3538808;Piraju;696;RA de Itapeva;Demais municípios;28574;Mais de 20 mil até 50 mil;34;0;34;1,16;40;8;48;1,63;68;2,4
3538907;Pirajuí;688;RA de Bauru;Demais municípios;23259;Mais de 20 mil até 50 mil;27;1;28;1,25;29;3;32;1,43;290;12,5
3539004;Pirangi;694;RA de Barretos;Demais municípios;10823;Mais de 10 mil até 20 mil;7;0;7;0,64;16;2;18;1,65;45;4,2
3539103;Pirapora do Bom Jesus;681;RM  de São Paulo;RM  de São Paulo;18851;Mais de 10 mil até 20 mil;15;2;17;0,92;12;3;15;0,81;0;0
3539202;Pirapozinho;691;RA de Presidente Prudente;Demais municípios;27213;Mais de 20 mil até 50 mil;27;2;29;1,15;17;7;24;0,95;0;0
3539301;Pirassununga;686;RA de Campinas;Demais municípios;73706;Mais de 50 mil até 100 mil;111;23;134;1,82;102;63;165;2,24;178;2,4
3539400;Piratininga;688;RA de Bauru;Demais municípios;13213;Mais de 10 mil até 20 mil;20;0;20;1,3;5;1;6;0,39;23;1,7
3539509;Pitangueiras;687;RA de Ribeirão Preto;RM  de Ribeirão Preto;38584;Mais de 20 mil até 50 mil;34;1;35;1,05;70;10;80;2,39;50;1,3
3539608;Planalto;689;RA de São José do Rio Preto;Demais municípios;5167;Mais de 5 mil até 10 mil;7;0;7;1,61;7;0;7;1,61;0;0
3539707;Platina;692;RA de Marília;Demais municípios;3501;Até 5 mil;4;0;4;1,33;2;0;2;0,66;0;0
3539806;Poá;681;RM  de São Paulo;RM  de São Paulo;115538;Mais de 100 mil até 200 mil;43;2;45;0,44;50;12;62;0,6;10;0,1
3539905;Poloni;689;RA de São José do Rio Preto;Demais municípios;5667;Mais de 5 mil até 10 mil;5;0;5;0,9;6;1;7;1,26;0;0
3540002;Pompéia;692;RA de Marília;Demais municípios;21282;Mais de 20 mil até 50 mil;26;1;27;1,34;24;5;29;1,44;26;1,2
3540101;Pongaí;688;RA de Bauru;Demais municípios;3351;Até 5 mil;4;0;4;1,18;1;0;1;0,3;0;0
3540200;Pontal;687;RA de Ribeirão Preto;RM  de Ribeirão Preto;49283;Mais de 20 mil até 50 mil;24;2;26;0,7;41;11;52;1,39;25;0,5
3540259;Pontalinda;689;RA de São José do Rio Preto;Demais municípios;4487;Até 5 mil;4;0;4;0,97;1;0;1;0,24;0;0
3540309;Pontes Gestal;689;RA de São José do Rio Preto;Demais municípios;2528;Até 5 mil;10;0;10;4,21;13;0;13;5,47;0;0
3540408;Populina;689;RA de São José do Rio Preto;Demais municípios;3995;Até 5 mil;4;0;4;0,97;3;0;3;0,73;18;4,5
3540507;Porangaba;685;RA de Sorocaba;Demais municípios;9310;Mais de 5 mil até 10 mil;16;0;16;1,51;19;0;19;1,79;0;0
3540606;Porto Feliz;685;RA de Sorocaba;RM  de Sorocaba;51697;Mais de 50 mil até 100 mil;54;0;54;0,95;56;15;71;1,25;63;1,2
3540705;Porto Ferreira;693;RA Central;Demais municípios;54102;Mais de 50 mil até 100 mil;47;2;49;0,93;104;19;123;2,34;55;1
3540754;Potim;684;RA de São José dos Campos;RM  do Vale do Paraíba e Litoral Norte;20702;Mais de 20 mil até 50 mil;14;0;14;0,68;8;0;8;0,39;0;0
3540804;Potirendaba;689;RA de São José do Rio Preto;Demais municípios;16605;Mais de 10 mil até 20 mil;15;0;15;0,8;14;19;33;1,76;32;1,9
3540853;Pracinha;691;RA de Presidente Prudente;Demais municípios;2913;Até 5 mil;5;0;5;1,95;1;0;1;0,39;0;0
3540903;Pradópolis;687;RA de Ribeirão Preto;RM  de Ribeirão Preto;20907;Mais de 20 mil até 50 mil;18;0;18;1,06;18;0;18;1,06;0;0
3541000;Praia Grande;683;RA de Santos;RM  da Baixada Santista;316844;Mais de 200 mil até 500 mil;418;46;464;1,3;639;201;840;2,36;339;1
3541059;Pratânia;685;RA de Sorocaba;Demais municípios;5156;Mais de 5 mil até 10 mil;4;0;4;0,78;3;0;3;0,58;0;0
3541109;Presidente Alves;688;RA de Bauru;Demais municípios;4020;Até 5 mil;2;0;2;0,53;3;0;3;0,8;0;0
3541208;Presidente Bernardes;691;RA de Presidente Prudente;Demais municípios;13720;Mais de 10 mil até 20 mil;20;0;20;1,38;10;4;14;0,96;51;3,7
3541307;Presidente Epitácio;691;RA de Presidente Prudente;Demais municípios;42400;Mais de 20 mil até 50 mil;47;1;48;1,22;45;11;56;1,43;78;1,8
3541406;Presidente Prudente;691;RA de Presidente Prudente;Demais municípios;221073;Mais de 200 mil até 500 mil;502;130;632;2,79;849;253;1102;4,87;1095;4,9
3541505;Presidente Venceslau;691;RA de Presidente Prudente;Demais municípios;38005;Mais de 20 mil até 50 mil;45;0;45;1,29;32;24;56;1,61;102;2,7
3541604;Promissão;688;RA de Bauru;Demais municípios;39667;Mais de 20 mil até 50 mil;69;0;69;1,97;44;3;47;1,34;64;1,6
3541653;Quadra;685;RA de Sorocaba;Demais municípios;3708;Até 5 mil;2;0;2;0,59;11;0;11;3,22;0;0
3541703;Quatá;692;RA de Marília;Demais municípios;13935;Mais de 10 mil até 20 mil;17;1;18;1,37;12;2;14;1,06;0;0
3541802;Queiroz;692;RA de Marília;Demais municípios;3279;Até 5 mil;8;0;8;2,42;1;0;1;0,3;0;0
3541901;Queluz;684;RA de São José dos Campos;RM  do Vale do Paraíba e Litoral Norte;12644;Mais de 10 mil até 20 mil;8;0;8;0,89;10;0;10;1,12;19;1,5
3542008;Quintana;692;RA de Marília;Demais municípios;6500;Mais de 5 mil até 10 mil;9;0;9;1,26;4;0;4;0,56;0;0
3542107;Rafard;686;RA de Campinas;Demais municípios;8976;Mais de 5 mil até 10 mil;6;0;6;0,67;7;0;7;0,78;0;0
3542206;Rancharia;691;RA de Presidente Prudente;Demais municípios;28847;Mais de 20 mil até 50 mil;46;0;46;1,61;22;3;25;0,88;103;3,6
3542305;Redenção da Serra;684;RA de São José dos Campos;RM  do Vale do Paraíba e Litoral Norte;3837;Até 5 mil;4;0;4;0,88;8;0;8;1,76;0;0
3542404;Regente Feijó;691;RA de Presidente Prudente;Demais municípios;19491;Mais de 10 mil até 20 mil;20;0;20;0,99;10;3;13;0,64;40;2
3542503;Reginópolis;688;RA de Bauru;Demais municípios;7215;Mais de 5 mil até 10 mil;11;0;11;1,43;4;0;4;0,52;0;0
3542602;Registro;682;RA de Registro;Demais municípios;54216;Mais de 50 mil até 100 mil;141;11;152;2,52;94;36;130;2,16;237;4,4
3542701;Restinga;695;RA de Franca;Demais municípios;7493;Mais de 5 mil até 10 mil;7;0;7;1,1;3;0;3;0,47;0;0
3542800;Ribeira;696;RA de Itapeva;Demais municípios;3242;Até 5 mil;4;0;4;1,29;7;0;7;2,26;0;0
3542909;Ribeirão Bonito;693;RA Central;Demais municípios;12959;Mais de 10 mil até 20 mil;11;0;11;1,01;8;0;8;0,74;24;1,8
3543006;Ribeirão Branco;696;RA de Itapeva;Demais municípios;17685;Mais de 10 mil até 20 mil;21;0;21;1,13;9;0;9;0,48;26;1,5
3543105;Ribeirão Corrente;695;RA de Franca;Demais municípios;4664;Até 5 mil;2;0;2;0,43;0;0;0;0;0;0
3543204;Ribeirão do Sul;692;RA de Marília;Demais municípios;4360;Até 5 mil;6;0;6;1,28;9;0;9;1,93;0;0
3543238;Ribeirão dos Índios;691;RA de Presidente Prudente;Demais municípios;2141;Até 5 mil;2;0;2;1;1;0;1;0,5;0;0
3543253;Ribeirão Grande;696;RA de Itapeva;Demais municípios;7510;Mais de 5 mil até 10 mil;4;0;4;0,54;3;0;3;0,4;0;0
3543303;Ribeirão Pires;681;RM  de São Paulo;RM  de São Paulo;118968;Mais de 100 mil até 200 mil;92;54;146;1,27;106;105;211;1,83;164;1,4
3543402;Ribeirão Preto;687;RA de Ribeirão Preto;RM  de Ribeirão Preto;683777;Mais de 500 mil até 1 milhão;1495;393;1888;2,68;3103;1381;4484;6,36;2265;3,3
3543600;Rifaina;695;RA de Franca;Demais municípios;3468;Até 5 mil;5;0;5;1,22;5;0;5;1,22;0;0
3543709;Rincão;693;RA Central;Demais municípios;10496;Mais de 10 mil até 20 mil;9;0;9;1,01;8;0;8;0,89;0;0
3543808;Rinópolis;692;RA de Marília;Demais municípios;9720;Mais de 5 mil até 10 mil;10;0;10;1,09;5;0;5;0,54;23;2,4
3543907;Rio Claro;686;RA de Campinas;Demais municípios;201212;Mais de 200 mil até 500 mil;193;88;281;1,39;184;211;395;1,95;369;1,8
3544004;Rio das Pedras;686;RA de Campinas;Demais municípios;34416;Mais de 20 mil até 50 mil;14;0;14;0,45;9;9;18;0,57;72;2
3544103;Rio Grande da Serra;681;RM  de São Paulo;RM  de São Paulo;49816;Mais de 20 mil até 50 mil;14;0;14;0,32;27;0;27;0,61;0;0
3544202;Riolândia;689;RA de São José do Rio Preto;Demais municípios;11431;Mais de 10 mil até 20 mil;18;0;18;1,75;10;0;10;0,97;36;3,1
3543501;Riversul;696;RA de Itapeva;Demais municípios;5705;Mais de 5 mil até 10 mil;7;0;7;1,26;5;0;5;0,9;0;0
3544251;Rosana;691;RA de Presidente Prudente;Demais municípios;18387;Mais de 10 mil até 20 mil;42;0;42;2,44;27;2;29;1,69;80;4,4
3544301;Roseira;684;RA de São José dos Campos;RM  do Vale do Paraíba e Litoral Norte;10642;Mais de 10 mil até 20 mil;18;0;18;1,65;38;1;39;3,58;54;5
3544400;Rubiácea;690;RA de Araçatuba;Demais municípios;3106;Até 5 mil;3;0;3;1,12;2;0;2;0,74;0;0
3544509;Rubinéia;689;RA de São José do Rio Preto;Demais municípios;2989;Até 5 mil;6;0;6;1,54;3;0;3;0,77;0;0
3544608;Sabino;688;RA de Bauru;Demais municípios;5468;Mais de 5 mil até 10 mil;3;0;3;0,59;4;0;4;0,79;0;0
3544707;Sagres;691;RA de Presidente Prudente;Demais municípios;2362;Até 5 mil;4;0;4;1,62;1;0;1;0,4;0;0
3544806;Sales;689;RA de São José do Rio Preto;Demais municípios;6050;Mais de 5 mil até 10 mil;10;0;10;1,54;2;0;2;0,31;0;0
3544905;Sales Oliveira;695;RA de Franca;RM  de Ribeirão Preto;11518;Mais de 10 mil até 20 mil;16;0;16;1,4;3;5;8;0,7;30;2,6
3545001;Salesópolis;681;RM  de São Paulo;RM  de São Paulo;16838;Mais de 10 mil até 20 mil;13;0;13;0,86;9;0;9;0,59;9;0,5
3545100;Salmourão;691;RA de Presidente Prudente;Demais municípios;5117;Mais de 5 mil até 10 mil;8;0;8;1,67;0;0;0;0;0;0
3545159;Saltinho;686;RA de Campinas;Demais municípios;7860;Mais de 5 mil até 10 mil;13;0;13;1,58;11;0;11;1,34;0;0
3545209;Salto;685;RA de Sorocaba;RM  de Sorocaba;115372;Mais de 100 mil até 200 mil;85;19;104;0,76;56;44;100;0,73;116;1
3545308;Salto de Pirapora;685;RA de Sorocaba;RM  de Sorocaba;44223;Mais de 20 mil até 50 mil;45;0;45;1,02;41;7;48;1,09;52;1,2
3545407;Salto Grande;692;RA de Marília;Demais municípios;9095;Mais de 5 mil até 10 mil;8;0;8;0,88;9;0;9;0,99;34;3,7
3545506;Sandovalina;691;RA de Presidente Prudente;Demais municípios;4211;Até 5 mil;4;1;5;1,38;3;0;3;0,83;0;0
3545605;Santa Adélia;689;RA de São José do Rio Preto;Demais municípios;14892;Mais de 10 mil até 20 mil;13;2;15;1,07;12;6;18;1,29;19;1,3
3545704;Santa Albertina;689;RA de São José do Rio Preto;Demais municípios;5672;Mais de 5 mil até 10 mil;8;0;8;1,24;2;0;2;0,31;0;0
3545803;Santa Bárbara d'Oeste;686;RA de Campinas;RM  de Campinas;188745;Mais de 100 mil até 200 mil;163;19;182;0,99;140;37;177;0,97;196;1
3546009;Santa Branca;684;RA de São José dos Campos;RM  do Vale do Paraíba e Litoral Norte;14179;Mais de 10 mil até 20 mil;13;0;13;0,93;12;2;14;1;0;0
3546108;Santa Clara d'Oeste;689;RA de São José do Rio Preto;Demais municípios;2006;Até 5 mil;3;1;4;1,53;2;0;2;0,76;0;0
3546207;Santa Cruz da Conceição;686;RA de Campinas;Demais municípios;4349;Até 5 mil;4;0;4;0,93;2;0;2;0,47;0;0
3546256;Santa Cruz da Esperança;687;RA de Ribeirão Preto;RM  de Ribeirão Preto;2077;Até 5 mil;3;0;3;1,41;1;0;1;0,47;0;0
3546306;Santa Cruz das Palmeiras;686;RA de Campinas;Demais municípios;33729;Mais de 20 mil até 50 mil;24;1;25;0,87;18;5;23;0,8;35;1
3546405;Santa Cruz do Rio Pardo;692;RA de Marília;Demais municípios;46110;Mais de 20 mil até 50 mil;63;1;64;1,38;103;5;108;2,32;96;2,1
3546504;Santa Ernestina;693;RA Central;Demais municípios;5525;Mais de 5 mil até 10 mil;9;0;9;1,46;2;0;2;0,32;0;0
3546603;Santa Fé do Sul;689;RA de São José do Rio Preto;Demais municípios;30804;Mais de 20 mil até 50 mil;57;3;60;1,71;48;25;73;2,08;80;2,6
3546702;Santa Gertrudes;686;RA de Campinas;Demais municípios;26189;Mais de 20 mil até 50 mil;27;1;28;1,18;17;4;21;0,89;0;0
3546801;Santa Isabel;681;RM  de São Paulo;RM  de São Paulo;55086;Mais de 50 mil até 100 mil;68;5;73;1,37;44;6;50;0,94;86;1,5
3546900;Santa Lucia;693;RA Central;Demais municípios;8562;Mais de 5 mil até 10 mil;6;0;6;0,85;4;0;4;0,57;8;0,9
3547007;Santa Maria da Serra;686;RA de Campinas;Demais municípios;6141;Mais de 5 mil até 10 mil;8;0;8;1,54;2;1;3;0,58;6;1
3547106;Santa Mercedes;691;RA de Presidente Prudente;Demais municípios;2813;Até 5 mil;6;0;6;2,03;1;0;1;0,34;0;0
3547502;Santa Rita do Passa Quatro;693;RA Central;RM  de Ribeirão Preto;26385;Mais de 20 mil até 50 mil;40;1;41;1,66;19;6;25;1,01;311;11,8
3547403;Santa Rita d'Oeste;689;RA de São José do Rio Preto;Demais municípios;2404;Até 5 mil;1;0;1;0,36;0;0;0;0;0;0
3547601;Santa Rosa do Viterbo;687;RA de Ribeirão Preto;RM  de Ribeirão Preto;25604;Mais de 20 mil até 50 mil;14;1;15;0,64;13;3;16;0,69;32;1,2
3547650;Santa Salete;689;RA de São José do Rio Preto;Demais municípios;1440;Até 5 mil;2;0;2;1,21;1;0;1;0,61;0;0
3547205;Santana da Ponte Pensa;689;RA de São José do Rio Preto;Demais municípios;1509;Até 5 mil;3;0;3;1,8;0;0;0;0;0;0
3547304;Santana de Parnaíba;681;RM  de São Paulo;RM  de São Paulo;138132;Mais de 100 mil até 200 mil;175;3;178;1,13;206;8;214;1,36;61;0,4
3547700;Santo Anastácio;691;RA de Presidente Prudente;Demais municípios;20127;Mais de 20 mil até 50 mil;18;0;18;1,01;6;3;9;0,51;56;2,8
3547809;Santo André;681;RM  de São Paulo;RM  de São Paulo;693867;Mais de 500 mil até 1 milhão;896;475;1371;1,82;1853;1418;3271;4,35;1575;2,3
3547908;Santo Antonio da Alegria;687;RA de Ribeirão Preto;RM  de Ribeirão Preto;6637;Mais de 5 mil até 10 mil;10;1;11;1,62;15;0;15;2,2;16;2,4
3548005;Santo Antonio de Posse;686;RA de Campinas;RM  de Campinas;22849;Mais de 20 mil até 50 mil;24;0;24;1,03;12;4;16;0,68;0;0
3548054;Santo Antonio do Aracanguá;690;RA de Araçatuba;Demais municípios;8252;Mais de 5 mil até 10 mil;11;0;11;1,31;6;0;6;0,71;0;0
3548104;Santo Antonio do Jardim;686;RA de Campinas;Demais municípios;5826;Mais de 5 mil até 10 mil;4;0;4;0,65;8;0;8;1,3;0;0
3548203;Santo Antonio do Pinhal;684;RA de São José dos Campos;RM  do Vale do Paraíba e Litoral Norte;6628;Mais de 5 mil até 10 mil;7;0;7;0,98;2;0;2;0,28;0;0
3548302;Santo Expedito;691;RA de Presidente Prudente;Demais municípios;2972;Até 5 mil;3;0;3;1;2;0;2;0,67;0;0
3548401;Santópolis do Aguapeí;690;RA de Araçatuba;Demais municípios;4668;Até 5 mil;9;0;9;2,33;5;0;5;1,29;0;0
3548500;Santos;683;RA de Santos;RM  da Baixada Santista;428703;Mais de 200 mil até 500 mil;1044;377;1421;3,4;1798;991;2789;6,68;1609;3,7
3548609;São Bento do Sapucaí;684;RA de São José dos Campos;RM  do Vale do Paraíba e Litoral Norte;10530;Mais de 10 mil até 20 mil;10;0;10;0,85;28;0;28;2,39;40;3,8
3548708;São Bernardo do Campo;681;RM  de São Paulo;RM  de São Paulo;812086;Mais de 500 mil até 1 milhão;943;563;1506;1,86;1843;1195;3038;3,75;1743;2,1
3548807;São Caetano do Sul;681;RM  de São Paulo;RM  de São Paulo;151244;Mais de 100 mil até 200 mil;329;113;442;2,66;968;461;1429;8,59;795;5,3
3548906;São Carlos;693;RA Central;Demais municípios;242632;Mais de 200 mil até 500 mil;383;75;458;1,78;508;290;798;3,11;409;1,7
3549003;São Francisco;689;RA de São José do Rio Preto;Demais municípios;2677;Até 5 mil;2;0;2;0,77;2;0;2;0,77;0;0
3549102;São João da Boa Vista;686;RA de Campinas;Demais municípios;87340;Mais de 50 mil até 100 mil;144;60;204;2,19;176;129;305;3,27;199;2,3
3549201;São João das Duas Pontes;689;RA de São José do Rio Preto;Demais municípios;2476;Até 5 mil;2;0;2;0,78;0;0;0;0;0;0
3549250;São João de Iracema;690;RA de Araçatuba;Demais municípios;1850;Até 5 mil;3;0;3;1,62;1;0;1;0,54;0;0
3549300;São João do Pau d'Alho;691;RA de Presidente Prudente;Demais municípios;1985;Até 5 mil;4;0;4;1,78;3;0;3;1,33;0;0
3549409;São Joaquim da Barra;695;RA de Franca;Demais municípios;50274;Mais de 50 mil até 100 mil;56;1;57;1,17;118;18;136;2,79;104;2
3549508;São José da Bela Vista;695;RA de Franca;Demais municípios;8727;Mais de 5 mil até 10 mil;7;0;7;0,93;0;0;0;0;0;0
3549607;São José do Barreiro;684;RA de São José dos Campos;RM  do Vale do Paraíba e Litoral Norte;4070;Até 5 mil;4;0;4;1,04;3;0;3;0,78;0;0
3549706;São José do Rio Pardo;686;RA de Campinas;Demais municípios;53206;Mais de 50 mil até 100 mil;62;14;76;1,46;72;30;102;1,96;141;2,6
3549805;São José do Rio Preto;689;RA de São José do Rio Preto;Demais municípios;447924;Mais de 200 mil até 500 mil;1432;349;1781;3,67;1946;677;2623;5,4;2148;4,7
3549904;São José dos Campos;684;RA de São José dos Campos;RM  do Vale do Paraíba e Litoral Norte;710654;Mais de 500 mil até 1 milhão;1062;547;1609;2,3;1416;814;2230;3,18;1588;2,2
3549953;São Lourenço da Serra;681;RM  de São Paulo;RM  de São Paulo;15579;Mais de 10 mil até 20 mil;18;2;20;1,24;14;1;15;0,93;60;3,8
3550001;São Luís do Paraitinga;684;RA de São José dos Campos;RM  do Vale do Paraíba e Litoral Norte;10569;Mais de 10 mil até 20 mil;10;0;10;0,97;5;0;5;0,48;25;2,4
3550100;São Manuel;685;RA de Sorocaba;Demais municípios;39574;Mais de 20 mil até 50 mil;31;0;31;0,83;38;12;50;1,35;58;1,5
3550209;São Miguel Arcanjo;685;RA de Sorocaba;RM  de Sorocaba;32000;Mais de 20 mil até 50 mil;44;1;45;1,4;21;2;23;0,72;65;2
3550308;São Paulo;681;RM  de São Paulo;RM  de São Paulo;11869660;Mais de 1 milhão;19634;10940;30574;2,67;27971;22879;50850;4,45;29764;2,5
3550407;São Pedro;686;RA de Campinas;Demais municípios;34208;Mais de 20 mil até 50 mil;40;5;45;1,16;24;12;36;0,93;63;1,8
3550506;São Pedro do Turvo;692;RA de Marília;Demais municípios;7369;Mais de 5 mil até 10 mil;10;0;10;1,39;2;0;2;0,28;0;0
3550605;São Roque;685;RA de Sorocaba;RM  de Sorocaba;87435;Mais de 50 mil até 100 mil;72;55;127;1,6;99;106;205;2,58;275;3,1
3550704;São Sebastião;684;RA de São José dos Campos;RM  do Vale do Paraíba e Litoral Norte;87135;Mais de 50 mil até 100 mil;164;3;167;2,04;115;18;133;1,62;111;1,2
3550803;São Sebastião da Grama;686;RA de Campinas;Demais municípios;11936;Mais de 10 mil até 20 mil;11;0;11;1,07;9;1;10;0,97;30;2,5
3550902;São Simão;687;RA de Ribeirão Preto;RM  de Ribeirão Preto;14847;Mais de 10 mil até 20 mil;15;0;15;1,13;8;1;9;0,68;40;2,7
3551009;São Vicente;683;RA de Santos;RM  da Baixada Santista;357929;Mais de 200 mil até 500 mil;175;20;195;0,59;97;48;145;0,44;276;0,8
3551108;Sarapuí;685;RA de Sorocaba;RM  de Sorocaba;10110;Mais de 10 mil até 20 mil;10;0;10;0,96;3;0;3;0,29;0;0
3551207;Sarutaiá;696;RA de Itapeva;Demais municípios;3646;Até 5 mil;3;0;3;0,81;1;0;1;0,27;0;0
3551306;Sebastianópolis do Sul;689;RA de São José do Rio Preto;Demais municípios;3293;Até 5 mil;5;0;5;1,6;9;0;9;2,88;0;0
3551405;Serra Azul;687;RA de Ribeirão Preto;RM  de Ribeirão Preto;12282;Mais de 10 mil até 20 mil;10;1;11;0,86;20;0;20;1,56;0;0
3551603;Serra Negra;686;RA de Campinas;Demais municípios;27440;Mais de 20 mil até 50 mil;32;0;32;1,07;20;10;30;1;49;1,8
3551504;Serrana;687;RA de Ribeirão Preto;RM  de Ribeirão Preto;44434;Mais de 20 mil até 50 mil;66;1;67;1,51;35;8;43;0,97;125;2,8
3551702;Sertãozinho;687;RA de Ribeirão Preto;RM  de Ribeirão Preto;122355;Mais de 100 mil até 200 mil;128;60;188;1,47;214;82;296;2,31;131;1,1
3551801;Sete Barras;682;RA de Registro;Demais municípios;12628;Mais de 10 mil até 20 mil;15;0;15;1,18;3;1;4;0,32;0;0
3551900;Severínia;694;RA de Barretos;Demais municípios;17126;Mais de 10 mil até 20 mil;12;0;12;0,83;2;3;5;0,35;0;0
3552007;Silveiras;684;RA de São José dos Campos;RM  do Vale do Paraíba e Litoral Norte;6204;Mais de 5 mil até 10 mil;12;0;12;1,93;6;0;6;0,97;2;0,3
3552106;Socorro;686;RA de Campinas;Demais municípios;38783;Mais de 20 mil até 50 mil;41;0;41;1,02;36;5;41;1,02;70;1,8
3552205;Sorocaba;685;RA de Sorocaba;RM  de Sorocaba;658547;Mais de 500 mil até 1 milhão;897;587;1484;2,02;1782;794;2576;3,51;1421;2,1
3552304;Sud Mennucci;690;RA de Araçatuba;Demais municípios;7713;Mais de 5 mil até 10 mil;14;0;14;1,91;7;0;7;0,96;22;2,8
3552403;Sumaré;686;RA de Campinas;RM  de Campinas;283212;Mais de 200 mil até 500 mil;229;39;268;0,95;180;65;245;0,87;201;0,7
3552551;Suzanápolis;690;RA de Araçatuba;Demais municípios;3947;Até 5 mil;3;0;3;0,88;2;0;2;0,59;0;0
3552502;Suzano;681;RM  de São Paulo;RM  de São Paulo;291002;Mais de 200 mil até 500 mil;247;12;259;0,83;142;71;213;0,69;272;0,9
3552601;Tabapuã;689;RA de São José do Rio Preto;Demais municípios;11892;Mais de 10 mil até 20 mil;9;1;10;0,88;27;0;27;2,39;30;2,5
3552700;Tabatinga;693;RA Central;Demais municípios;15897;Mais de 10 mil até 20 mil;14;0;14;0,95;11;2;13;0,88;35;2,2
3552809;Taboão da Serra;681;RM  de São Paulo;RM  de São Paulo;283871;Mais de 200 mil até 500 mil;259;43;302;1,1;377;150;527;1,92;450;1,5
3552908;Taciba;691;RA de Presidente Prudente;Demais municípios;6054;Mais de 5 mil até 10 mil;4;0;4;0,63;5;0;5;0,79;0;0
3553005;Taguaí;696;RA de Itapeva;Demais municípios;13319;Mais de 10 mil até 20 mil;18;0;18;1,41;8;0;8;0,63;29;2,1
3553104;Taiaçu;694;RA de Barretos;Demais municípios;6037;Mais de 5 mil até 10 mil;10;0;10;1,77;5;0;5;0,89;0;0
3553203;Taiúva;694;RA de Barretos;RM  de Ribeirão Preto;6278;Mais de 5 mil até 10 mil;8;0;8;1,21;10;1;11;1,66;4;0,6
3553302;Tambaú;686;RA de Campinas;RM  de Ribeirão Preto;22803;Mais de 20 mil até 50 mil;21;2;23;1,08;22;4;26;1,22;36;1,6
3553401;Tanabi;689;RA de São José do Rio Preto;Demais municípios;25105;Mais de 20 mil até 50 mil;14;0;14;0,55;22;5;27;1,07;72;2,9
3553500;Tapiraí;685;RA de Sorocaba;RM  de Sorocaba;7699;Mais de 5 mil até 10 mil;7;0;7;0,87;6;0;6;0,75;0;0
3553609;Tapiratiba;686;RA de Campinas;Demais municípios;12610;Mais de 10 mil até 20 mil;13;2;15;1,28;8;0;8;0,68;16;1,3
3553658;Taquaral;687;RA de Ribeirão Preto;RM  de Ribeirão Preto;2751;Até 5 mil;6;0;6;2,3;0;0;0;0;0;0
3553708;Taquaritinga;693;RA Central;Demais municípios;54499;Mais de 50 mil até 100 mil;52;2;54;1,04;62;3;65;1,25;122;2,2
3553807;Taquarituba;696;RA de Itapeva;Demais municípios;23193;Mais de 20 mil até 50 mil;27;0;27;1,1;17;0;17;0,7;47;2
3553856;Taquarivaí;696;RA de Itapeva;Demais municípios;5746;Mais de 5 mil até 10 mil;12;0;12;1,72;3;0;3;0,43;0;0
3553906;Tarabaí;691;RA de Presidente Prudente;Demais municípios;7269;Mais de 5 mil até 10 mil;8;0;8;1,23;5;0;5;0,77;0;0
3553955;Tarumã;692;RA de Marília;Demais municípios;14806;Mais de 10 mil até 20 mil;13;0;13;0,87;14;0;14;0,93;0;0
3554003;Tatuí;685;RA de Sorocaba;RM  de Sorocaba;120123;Mais de 100 mil até 200 mil;115;59;174;1,39;84;63;147;1,17;105;0,9
3554102;Taubaté;684;RA de São José dos Campos;RM  do Vale do Paraíba e Litoral Norte;307361;Mais de 200 mil até 500 mil;573;84;657;2,1;562;226;788;2,52;516;1,7
3554201;Tejupá;696;RA de Itapeva;Demais municípios;4697;Até 5 mil;6;0;6;1,48;2;0;2;0,49;0;0
3554300;Teodoro Sampaio;691;RA de Presidente Prudente;Demais municípios;22414;Mais de 20 mil até 50 mil;22;0;22;0,99;15;7;22;0,99;58;2,6
3554409;Terra Roxa;694;RA de Barretos;Demais municípios;9121;Mais de 5 mil até 10 mil;8;0;8;1,02;4;0;4;0,51;34;3,7
3554508;Tietê;685;RA de Sorocaba;RM  de Sorocaba;41073;Mais de 20 mil até 50 mil;38;2;40;1,06;20;17;37;0,98;55;1,3
3554607;Timburi;692;RA de Marília;Demais municípios;2557;Até 5 mil;3;0;3;1,22;1;0;1;0,41;0;0
3554656;Torre de Pedra;685;RA de Sorocaba;Demais municípios;2320;Até 5 mil;2;0;2;1;0;0;0;0;0;0
3554706;Torrinha;686;RA de Campinas;Demais municípios;9713;Mais de 5 mil até 10 mil;11;1;12;1,29;8;0;8;0,86;20;2
3554755;Trabiju;693;RA Central;Demais municípios;1703;Até 5 mil;3;0;3;1,77;1;0;1;0,59;0;0
3554805;Tremembé;684;RA de São José dos Campos;RM  do Vale do Paraíba e Litoral Norte;45978;Mais de 20 mil até 50 mil;33;1;34;0,66;7;3;10;0,19;10;0,2
3554904;Três Fronteiras;689;RA de São José do Rio Preto;Demais municípios;5547;Mais de 5 mil até 10 mil;4;0;4;0,58;1;0;1;0,14;0;0
3554953;Tuiuti;686;RA de Campinas;Demais municípios;6557;Mais de 5 mil até 10 mil;3;0;3;0,44;3;0;3;0,44;0;0
3555000;Tupã;692;RA de Marília;Demais municípios;62843;Mais de 50 mil até 100 mil;99;4;103;1,61;120;37;157;2,46;340;5,4
3555109;Tupi Paulista;691;RA de Presidente Prudente;Demais municípios;14878;Mais de 10 mil até 20 mil;22;0;22;1,38;7;2;9;0,56;48;3,2
3555208;Turiúba;690;RA de Araçatuba;Demais municípios;1912;Até 5 mil;1;0;1;0,55;2;0;2;1,11;0;0
3555307;Turmalina;689;RA de São José do Rio Preto;Demais municípios;1805;Até 5 mil;1;0;1;0,61;1;0;1;0,61;0;0
3555356;Ubarana;689;RA de São José do Rio Preto;Demais municípios;6066;Mais de 5 mil até 10 mil;5;0;5;0,94;16;0;16;3;0;0
3555406;Ubatuba;684;RA de São José dos Campos;RM  do Vale do Paraíba e Litoral Norte;88916;Mais de 50 mil até 100 mil;134;3;137;1,46;168;8;176;1,87;92;1
3555505;Ubirajara;688;RA de Bauru;Demais municípios;4663;Até 5 mil;8;0;8;1,55;3;0;3;0,58;0;0
3555604;Uchôa;689;RA de São José do Rio Preto;Demais municípios;9683;Mais de 5 mil até 10 mil;12;0;12;1,15;11;0;11;1,05;0;0
3555703;União Paulista;689;RA de São José do Rio Preto;Demais municípios;1739;Até 5 mil;4;0;4;2,5;1;0;1;0,62;0;0
3555802;Urânia;689;RA de São José do Rio Preto;Demais municípios;8611;Mais de 5 mil até 10 mil;13;0;13;1,47;4;0;4;0,45;26;3
3555901;Uru;688;RA de Bauru;Demais municípios;1207;Até 5 mil;2;0;2;1,43;2;0;2;1,43;0;0
3556008;Urupês;689;RA de São José do Rio Preto;Demais municípios;13164;Mais de 10 mil até 20 mil;11;0;11;0,8;9;2;11;0,8;34;2,6
3556107;Valentim Gentil;689;RA de São José do Rio Preto;Demais municípios;12770;Mais de 10 mil até 20 mil;18;0;18;1,26;4;1;5;0,35;0;0
3556206;Valinhos;686;RA de Campinas;RM  de Campinas;124742;Mais de 100 mil até 200 mil;133;56;189;1,48;179;91;270;2,11;142;1,1
3556305;Valparaíso;690;RA de Araçatuba;Demais municípios;23988;Mais de 20 mil até 50 mil;28;0;28;1,15;7;3;10;0,41;55;2,3
3556354;Vargem;686;RA de Campinas;Demais municípios;10000;Mais de 5 mil até 10 mil;4;0;4;0,38;11;0;11;1,04;0;0
3556404;Vargem Grande do Sul;686;RA de Campinas;Demais municípios;41501;Mais de 20 mil até 50 mil;28;1;29;0,72;44;3;47;1,17;50;1,2
3556453;Vargem Grande Paulista;681;RM  de São Paulo;RM  de São Paulo;52762;Mais de 50 mil até 100 mil;44;9;53;1,04;24;10;34;0,67;40;0,7
3556503;Várzea Paulista;686;RA de Campinas;Demais municípios;120535;Mais de 100 mil até 200 mil;38;5;43;0,37;32;13;45;0,39;33;0,3
3556602;Vera Cruz;692;RA de Marília;Demais municípios;10524;Mais de 10 mil até 20 mil;7;0;7;0,69;2;1;3;0,3;72;6,9
3556701;Vinhedo;686;RA de Campinas;RM  de Campinas;77521;Mais de 50 mil até 100 mil;104;6;110;1,42;54;34;88;1,14;85;1,1
3556800;Viradouro;694;RA de Barretos;Demais municípios;18347;Mais de 10 mil até 20 mil;22;1;23;1,32;7;3;10;0,57;48;2,6
3556909;Vista Alegre do Alto;694;RA de Barretos;Demais municípios;8014;Mais de 5 mil até 10 mil;9;0;9;1,1;7;0;7;0,85;0;0
3556958;Vitória Brasil;689;RA de São José do Rio Preto;Demais municípios;1760;Até 5 mil;3;0;3;1,66;0;0;0;0;0;0
3557006;Votorantim;685;RA de Sorocaba;RM  de Sorocaba;119824;Mais de 100 mil até 200 mil;86;26;112;0,87;37;36;73;0,56;102;0,8
3557105;Votuporanga;689;RA de São José do Rio Preto;Demais municípios;91760;Mais de 50 mil até 100 mil;271;34;305;3,13;308;75;383;3,93;219;2,4
3557154;Zacarias;689;RA de São José do Rio Preto;Demais municípios;2560;Até 5 mil;7;0;7;2,58;1;0;1;0,37;0;0
